complaint_id,reported_loss_amount,amount_deviation_z,transaction_count_deviation,velocity_1h,velocity_24h,unusual_time_of_day,new_beneficiary_anomaly,sudden_degree_change,is_otp_shared,clicked_malicious_link,urgency_score
CASE_000001,6905.5,-0.0736,3,0,6,1,0,0,1,0,0.761
CASE_000002,59737.32,0.4943,-1,2,2,0,0,0,0,0,0.38
CASE_000003,80208.3,0.7144,-1,2,2,1,0,0,0,0,0.679
CASE_000004,8368.9,-0.0579,0,1,3,0,0,0,1,0,0.326
CASE_000005,2668.06,-0.1191,0,0,3,0,1,0,1,1,0.313
CASE_000007,30087.25,0.1756,2,0,5,0,0,0,1,1,0.843
CASE_000008,1991.06,-0.1264,0,3,3,0,0,0,1,1,0.614
CASE_000009,9967.43,-0.0407,-1,0,2,0,0,0,0,0,0.626
CASE_000010,308288.17,3.1662,-1,2,2,0,0,1,0,0,0.817
CASE_000012,7876.34,-0.0632,0,2,3,1,0,0,0,0,0.291
CASE_000015,25148.04,0.1225,-1,2,2,0,0,0,1,0,0.107
CASE_000019,5060.46,-0.0934,0,2,3,0,0,0,0,0,0.705
CASE_000021,21715.09,0.0856,-1,0,2,0,0,0,0,0,0.748
CASE_000022,54339.85,0.4363,-2,1,1,0,1,1,0,1,0.112
CASE_000024,5968.55,-0.0837,-1,2,2,0,1,0,1,0,0.883
CASE_000025,10619.86,-0.0337,-1,2,2,0,0,0,0,1,0.571
CASE_000027,770.42,-0.1395,0,0,3,0,0,0,0,0,0.977
CASE_000028,24697.95,0.1177,1,0,4,1,0,0,0,1,0.872
CASE_000029,4587.57,-0.0985,-1,0,2,0,0,0,0,0,0.313
CASE_000030,7423.76,-0.068,0,2,3,0,0,0,1,1,0.917
CASE_000031,27155.95,0.1441,2,0,5,1,0,0,0,0,0.898
CASE_000033,17817.51,0.0437,0,0,3,0,0,0,1,1,0.651
CASE_000034,82526.94,0.7393,1,0,4,0,1,0,0,1,0.243
CASE_000035,34410.09,0.2221,1,4,4,0,0,0,0,1,0.396
CASE_000036,16560.18,0.0302,0,0,3,0,0,0,1,0,0.34
CASE_000037,15471.41,0.0185,-1,0,2,0,0,0,0,0,0.437
CASE_000038,2647.22,-0.1194,-1,0,2,0,0,0,1,0,0.245
CASE_000039,28327.79,0.1567,1,0,4,0,0,0,0,1,0.318
CASE_000040,2351.36,-0.1226,2,1,5,0,0,0,1,0,0.834
CASE_000042,10149.94,-0.0387,1,0,4,1,0,0,1,1,0.589
CASE_000043,5397.15,-0.0898,-1,0,2,1,0,0,1,0,0.513
CASE_000045,209595.03,2.1052,2,0,5,0,0,0,1,1,0.889
CASE_000046,36670.81,0.2464,-1,0,2,0,0,0,1,0,0.215
CASE_000048,5904.54,-0.0844,1,0,4,0,0,0,0,1,0.776
CASE_000049,2672.06,-0.1191,0,2,3,0,0,0,0,0,0.434
CASE_000050,75226.3,0.6608,0,1,3,0,0,0,0,1,0.749
CASE_000051,26319.0,0.1351,-1,0,2,0,0,0,0,0,0.877
CASE_000052,3185.95,-0.1136,0,2,3,0,0,0,1,0,0.735
CASE_000055,28551.22,0.1591,3,0,6,1,0,0,0,0,0.46
CASE_000056,9129.9,-0.0497,2,0,5,0,0,0,1,1,0.21
CASE_000057,6568.64,-0.0772,1,3,4,0,0,1,1,1,0.473
CASE_000058,246350.49,2.5003,-1,1,2,0,0,0,1,0,0.403
CASE_000059,9969.09,-0.0407,0,0,3,0,0,0,1,0,0.536
CASE_000060,26208.51,0.1339,-3,0,0,0,0,1,0,0,0.617
CASE_000061,9840.81,-0.042,2,0,5,0,1,0,0,1,0.366
CASE_000062,73988.4,0.6475,0,0,3,1,0,0,1,0,0.911
CASE_000063,1995.82,-0.1264,1,0,4,0,0,0,1,1,0.39
CASE_000064,20837.07,0.0762,3,0,6,0,0,0,1,1,0.899
CASE_000065,2881.91,-0.1168,1,0,4,0,0,0,1,0,0.678
CASE_000069,23989.99,0.1101,1,0,4,0,0,0,1,1,0.347
CASE_000072,29529.46,0.1696,0,0,3,0,1,0,0,0,0.57
CASE_000073,17750.95,0.043,0,3,3,0,0,0,0,1,0.427
CASE_000074,11249.52,-0.0269,-1,0,2,0,0,0,1,0,0.569
CASE_000075,22591.91,0.095,4,0,7,0,0,0,1,1,0.209
CASE_000076,209724.77,2.1066,-1,2,2,0,0,1,0,0,0.423
CASE_000077,8837.78,-0.0528,0,1,3,0,0,1,0,1,0.804
CASE_000078,3790.26,-0.1071,-2,1,1,0,0,0,0,0,0.703
CASE_000079,3230.18,-0.1131,-1,2,2,0,0,0,1,1,0.691
CASE_000081,34279.55,0.2207,0,0,3,0,0,0,0,1,0.933
CASE_000082,5482.19,-0.0889,2,0,5,0,0,0,0,0,0.451
CASE_000083,2643.88,-0.1194,1,0,4,0,0,0,1,0,0.655
CASE_000084,4711.53,-0.0972,-1,0,2,1,0,0,0,0,0.752
CASE_000085,18081.41,0.0465,0,2,3,0,0,0,1,0,0.58
CASE_000086,9196.74,-0.049,-1,2,2,0,0,0,1,0,0.47
CASE_000087,42240.95,0.3062,-1,2,2,0,0,0,0,0,0.749
CASE_000090,18767.37,0.0539,1,0,4,0,0,0,0,0,0.46
CASE_000092,11789.59,-0.0211,2,0,5,0,0,0,0,0,0.251
CASE_000093,49336.74,0.3825,-1,2,2,0,0,0,0,0,0.608
CASE_000097,23639.14,0.1063,1,2,4,0,0,1,0,1,0.283
CASE_000098,98742.92,0.9136,-3,0,0,0,0,0,0,1,0.337
CASE_000099,28155.68,0.1548,-1,2,2,1,0,1,0,0,0.481
CASE_000100,3422.83,-0.111,-1,0,2,1,0,0,0,0,0.519
CASE_000101,11352.24,-0.0258,-1,0,2,0,0,0,0,1,0.635
CASE_000103,12190.48,-0.0168,0,0,3,0,0,0,1,0,0.516
CASE_000104,8651.95,-0.0548,0,1,3,0,0,0,0,0,0.187
CASE_000105,10063.37,-0.0397,1,0,4,1,0,0,0,1,0.387
CASE_000107,1574.4,-0.1309,1,0,4,0,0,0,1,0,0.372
CASE_000108,500.0,-0.1425,0,2,3,1,0,1,0,0,0.708
CASE_000110,355710.63,3.6759,-1,0,2,0,0,0,1,0,0.643
CASE_000112,3711.74,-0.1079,-1,0,2,0,0,0,1,0,0.487
CASE_000113,12838.5,-0.0098,2,0,5,0,0,0,0,0,0.5
CASE_000115,8179.96,-0.0599,-1,0,2,0,0,0,0,1,0.833
CASE_000117,8495.24,-0.0565,-1,0,2,1,0,0,1,1,0.562
CASE_000118,8097.37,-0.0608,2,1,5,0,1,0,0,1,0.525
CASE_000120,20527.86,0.0728,3,0,6,1,0,0,0,0,0.302
CASE_000121,6832.4,-0.0744,1,0,4,0,0,0,1,0,0.296
CASE_000122,11329.13,-0.026,1,4,4,0,0,0,0,1,0.692
CASE_000123,5348.61,-0.0903,4,0,7,0,1,0,0,0,0.426
CASE_000124,2480.87,-0.1212,1,0,4,0,0,0,0,0,0.98
CASE_000125,1902.89,-0.1274,0,0,3,0,0,0,1,1,0.871
CASE_000126,22236.33,0.0912,0,3,3,0,0,0,0,0,0.566
CASE_000128,1263.66,-0.1342,1,4,4,0,0,0,1,0,0.866
CASE_000129,25854.02,0.1301,-2,0,1,0,1,0,1,0,0.703
CASE_000131,67624.59,0.5791,-1,2,2,0,0,0,1,1,0.323
CASE_000132,9424.64,-0.0465,-2,1,1,0,0,0,1,0,0.768
CASE_000133,27228.54,0.1449,-1,2,2,1,1,0,1,0,0.174
CASE_000134,36068.3,0.2399,2,0,5,0,0,1,0,0,0.483
CASE_000135,3808.11,-0.1069,2,5,5,0,0,0,0,0,0.933
CASE_000136,11836.72,-0.0206,-1,1,2,0,0,0,0,0,0.446
CASE_000137,12735.39,-0.0109,1,0,4,0,0,0,0,0,0.872
CASE_000138,11238.5,-0.027,0,0,3,0,0,0,0,0,0.784
CASE_000139,14723.66,0.0104,-1,0,2,0,0,0,0,0,0.462
CASE_000140,8023.83,-0.0616,0,0,3,0,1,0,0,0,0.507
CASE_000141,18204.79,0.0479,-1,2,2,1,0,0,1,0,0.31
CASE_000142,5797.72,-0.0855,4,0,7,0,0,0,1,0,0.585
CASE_000143,14536.19,0.0084,-1,0,2,0,0,1,1,0,0.898
CASE_000144,49009.74,0.379,1,0,4,0,0,0,1,1,0.698
CASE_000145,57832.65,0.4738,-1,0,2,0,0,0,0,1,0.589
CASE_000146,26144.09,0.1332,0,2,3,1,0,1,0,1,0.524
CASE_000149,61535.7,0.5137,1,1,4,0,0,1,0,0,0.616
CASE_000150,12393.27,-0.0146,1,0,4,0,0,0,1,0,0.759
CASE_000152,35869.33,0.2378,3,2,6,0,1,0,0,0,0.162
CASE_000153,6347.93,-0.0796,-1,2,2,1,0,0,0,1,0.45
CASE_000154,2506.18,-0.1209,1,4,4,0,0,0,0,1,0.362
CASE_000155,59594.36,0.4928,-1,0,2,0,0,1,1,0,0.181
CASE_000156,7890.18,-0.063,0,0,3,0,0,0,1,0,0.48
CASE_000157,9177.25,-0.0492,-1,2,2,0,0,0,1,1,0.217
CASE_000158,17164.46,0.0367,2,1,5,0,1,0,1,0,0.884
CASE_000160,1153.56,-0.1354,-3,0,0,0,0,0,0,0,0.595
CASE_000165,8276.41,-0.0589,1,0,4,0,0,0,1,0,0.561
CASE_000166,19667.42,0.0636,-1,0,2,0,1,0,0,0,0.357
CASE_000168,5242.96,-0.0915,0,0,3,0,0,0,0,0,0.228
CASE_000170,19118.68,0.0577,0,0,3,0,0,0,0,0,0.674
CASE_000173,22767.05,0.0969,-1,0,2,0,0,0,1,0,0.556
CASE_000175,11102.33,-0.0285,-2,1,1,0,0,0,0,0,0.414
CASE_000176,68411.09,0.5876,0,0,3,1,0,0,0,1,0.605
CASE_000177,18344.83,0.0494,-1,2,2,0,1,1,0,0,0.421
CASE_000178,5908.73,-0.0843,4,2,7,1,0,0,1,1,0.059
CASE_000180,18642.76,0.0526,1,0,4,0,0,0,1,0,0.359
CASE_000181,5877.09,-0.0847,1,0,4,0,0,0,0,1,0.635
CASE_000182,6896.23,-0.0737,0,0,3,0,0,0,0,1,0.457
CASE_000184,11999.97,-0.0188,-1,2,2,1,0,1,0,0,0.466
CASE_000185,4300.23,-0.1016,-1,0,2,0,0,1,1,1,0.278
CASE_000186,15258.85,0.0162,-2,0,1,0,0,1,0,0,0.65
CASE_000187,16751.49,0.0322,-1,2,2,0,1,0,0,1,0.372
CASE_000188,5901.71,-0.0844,-3,0,0,1,1,0,1,0,0.354
CASE_000189,15202.86,0.0156,-1,2,2,0,0,0,0,0,0.789
CASE_000190,297778.59,3.0532,-3,0,0,0,0,0,1,1,0.519
CASE_000192,3104.17,-0.1145,-2,1,1,0,0,0,0,0,0.66
CASE_000193,3619.56,-0.1089,-1,2,2,0,0,0,0,1,0.137
CASE_000194,10801.27,-0.0317,2,0,5,0,0,0,1,0,0.807
CASE_000197,16747.53,0.0322,-2,0,1,0,0,0,0,0,0.626
CASE_000198,89024.25,0.8091,2,0,5,1,0,0,0,0,0.441
CASE_000199,34243.49,0.2203,3,0,6,0,0,0,0,1,0.738
CASE_000200,34436.67,0.2224,-1,0,2,0,0,0,1,1,0.649
CASE_000201,61403.73,0.5122,4,2,7,0,0,0,1,0,0.497
CASE_000202,18137.26,0.0471,1,0,4,0,0,0,1,1,0.712
CASE_000203,88849.33,0.8073,1,1,4,0,0,0,0,0,0.51
CASE_000204,3886.75,-0.106,1,2,4,0,0,0,0,0,0.545
CASE_000206,9335.6,-0.0475,1,0,4,0,0,0,0,0,0.719
CASE_000207,20475.79,0.0723,0,0,3,1,0,1,0,0,0.347
CASE_000208,3287.8,-0.1125,-1,1,2,0,0,0,1,0,0.263
CASE_000209,3580.7,-0.1093,-1,0,2,0,0,0,0,1,0.734
CASE_000211,682.33,-0.1405,-1,2,2,1,0,0,1,0,0.8
CASE_000212,9953.69,-0.0408,1,4,4,0,0,0,0,0,0.458
CASE_000213,6226.31,-0.0809,0,0,3,0,0,0,1,0,0.208
CASE_000214,66080.68,0.5625,3,0,6,1,0,1,0,1,0.65
CASE_000217,16734.26,0.0321,-2,0,1,0,0,0,1,1,0.776
CASE_000218,13762.56,0.0001,3,0,6,0,1,0,1,0,0.109
CASE_000219,50744.18,0.3977,0,0,3,0,0,0,0,0,0.66
CASE_000220,14019.83,0.0029,2,0,5,1,0,0,0,1,0.616
CASE_000221,15693.88,0.0209,0,3,3,0,0,0,1,1,0.597
CASE_000223,5428.27,-0.0895,2,0,5,0,0,0,1,1,0.507
CASE_000224,13873.06,0.0013,-1,1,2,0,0,0,0,0,0.355
CASE_000225,43302.11,0.3177,-1,0,2,0,0,1,0,0,0.288
CASE_000227,108913.89,1.023,-1,2,2,0,0,0,1,1,0.366
CASE_000228,152076.44,1.4869,-1,2,2,1,0,0,0,0,0.209
CASE_000230,26008.55,0.1318,2,2,5,0,0,1,0,1,0.279
CASE_000231,2841.46,-0.1173,0,0,3,0,0,0,0,1,0.412
CASE_000234,20259.78,0.07,1,0,4,0,0,0,1,0,0.18
CASE_000235,3109.68,-0.1144,0,0,3,0,0,0,0,0,0.897
CASE_000236,14570.65,0.0088,3,0,6,0,0,1,0,0,0.51
CASE_000238,20758.79,0.0753,-1,0,2,1,0,0,0,1,0.561
CASE_000239,4667.63,-0.0977,-1,0,2,1,0,0,1,0,0.813
CASE_000240,102526.49,0.9543,-1,2,2,0,0,0,1,0,0.72
CASE_000241,169927.13,1.6788,3,0,6,0,0,0,0,1,0.504
CASE_000244,500.0,-0.1425,2,5,5,0,0,0,0,0,0.581
CASE_000245,20650.01,0.0742,-1,0,2,1,0,0,0,0,0.55
CASE_000246,1265.0,-0.1342,-1,2,2,0,1,0,0,1,0.57
CASE_000248,1634.35,-0.1303,3,0,6,0,0,0,1,0,0.297
CASE_000249,21860.72,0.0872,0,0,3,0,0,0,0,0,0.919
CASE_000251,1283.0,-0.134,0,3,3,0,0,0,0,0,0.646
CASE_000252,6664.65,-0.0762,1,0,4,0,0,1,0,0,0.911
CASE_000253,19693.76,0.0639,1,1,4,0,0,0,0,1,0.312
CASE_000254,61973.6,0.5184,-1,0,2,0,0,0,0,1,0.739
CASE_000255,19096.47,0.0575,0,2,3,0,0,1,0,0,0.599
CASE_000256,3253.16,-0.1129,-2,1,1,0,0,0,1,0,0.505
CASE_000258,54814.75,0.4414,1,2,4,0,0,0,0,0,0.289
CASE_000259,76005.79,0.6692,3,0,6,0,0,0,1,0,0.284
CASE_000261,8853.29,-0.0527,-3,0,0,0,0,0,0,0,0.328
CASE_000263,5476.49,-0.089,-1,0,2,0,0,0,0,0,0.128
CASE_000265,16438.46,0.0289,2,0,5,1,0,0,0,1,0.733
CASE_000268,8834.51,-0.0529,3,0,6,0,0,0,1,1,0.959
CASE_000269,11551.59,-0.0237,-2,0,1,0,0,0,0,0,0.797
CASE_000270,113545.12,1.0727,3,0,6,1,0,0,0,1,0.369
CASE_000271,34979.77,0.2282,1,0,4,0,0,1,0,0,0.412
CASE_000272,32969.56,0.2066,-1,0,2,0,0,0,1,1,0.197
CASE_000273,14351.66,0.0064,-2,1,1,1,0,0,0,0,0.738
CASE_000274,7440.26,-0.0678,-3,0,0,0,0,0,1,0,0.872
CASE_000275,10034.74,-0.04,1,0,4,1,0,0,1,0,0.67
CASE_000276,5490.74,-0.0888,-3,0,0,0,0,1,0,0,0.556
CASE_000277,7910.22,-0.0628,-1,0,2,0,1,0,0,0,0.231
CASE_000279,5334.57,-0.0905,1,0,4,0,0,0,1,0,0.74
CASE_000280,9898.1,-0.0414,2,0,5,0,0,0,1,0,0.546
CASE_000281,28056.38,0.1538,0,0,3,1,0,0,0,0,0.176
CASE_000283,36325.14,0.2427,-1,2,2,0,0,0,0,0,0.846
CASE_000284,10723.27,-0.0326,-1,0,2,0,0,1,1,0,0.663
CASE_000286,3043.18,-0.1151,-1,1,2,1,0,0,0,0,0.576
CASE_000287,22966.44,0.0991,2,0,5,1,0,0,0,1,0.393
CASE_000288,10426.2,-0.0358,-3,0,0,0,1,0,0,0,0.466
CASE_000289,74249.75,0.6503,-3,0,0,0,0,0,1,0,0.256
CASE_000290,22181.18,0.0906,-1,2,2,0,0,0,0,0,0.596
CASE_000293,10330.1,-0.0368,-3,0,0,0,0,0,0,0,0.04
CASE_000294,75808.69,0.6671,-1,0,2,0,0,0,1,0,0.707
CASE_000295,3727.5,-0.1078,-1,0,2,1,0,0,0,0,0.577
CASE_000296,28616.68,0.1598,0,0,3,0,0,0,1,0,0.486
CASE_000297,22173.42,0.0905,-1,0,2,0,0,1,0,1,0.723
CASE_000299,7583.55,-0.0663,-1,0,2,1,1,1,0,0,0.426
CASE_000300,2341.16,-0.1227,1,2,4,1,0,0,0,0,0.43
CASE_000302,69411.77,0.5983,1,1,4,0,0,0,0,1,0.717
CASE_000307,27657.44,0.1495,-1,0,2,0,0,0,1,1,0.539
CASE_000308,22198.37,0.0908,-2,1,1,0,0,0,1,0,0.589
CASE_000309,4603.59,-0.0983,1,4,4,0,0,0,0,0,0.144
CASE_000310,3549.39,-0.1097,-3,0,0,0,0,0,0,0,0.592
CASE_000311,10858.56,-0.0311,-1,0,2,0,0,0,0,0,0.345
CASE_000312,1448.18,-0.1323,2,0,5,0,0,0,0,1,0.861
CASE_000313,4852.74,-0.0957,1,4,4,1,0,0,1,0,0.398
CASE_000314,5652.71,-0.0871,0,0,3,0,0,0,1,0,0.357
CASE_000316,306698.27,3.1491,0,2,3,0,0,0,1,0,0.167
CASE_000318,217377.38,2.1889,0,3,3,0,0,0,1,1,0.907
CASE_000319,26805.98,0.1403,-1,0,2,0,0,0,0,0,0.487
CASE_000320,40627.85,0.2889,-1,0,2,1,0,0,1,0,0.79
CASE_000321,2087.42,-0.1254,0,2,3,0,0,0,0,0,0.223
CASE_000324,9250.06,-0.0484,-3,0,0,1,0,0,0,0,0.462
CASE_000326,10734.05,-0.0324,1,0,4,0,0,0,1,1,0.762
CASE_000327,25094.68,0.1219,-2,1,1,1,0,0,1,1,0.152
CASE_000328,21369.35,0.0819,-3,0,0,0,0,0,0,0,0.133
CASE_000329,126043.49,1.2071,1,0,4,1,0,0,1,0,0.404
CASE_000330,37854.11,0.2591,-3,0,0,1,0,0,1,1,0.458
CASE_000331,17112.39,0.0361,1,2,4,0,0,0,1,1,0.967
CASE_000332,40052.66,0.2827,0,3,3,0,0,0,0,1,0.766
CASE_000334,36588.26,0.2455,-1,0,2,0,0,1,0,0,0.566
CASE_000335,14346.25,0.0064,-2,1,1,1,1,1,0,1,0.928
CASE_000337,1919.11,-0.1272,2,0,5,0,1,0,0,0,0.658
CASE_000338,8877.3,-0.0524,0,3,3,0,0,0,0,0,0.276
CASE_000339,2207.59,-0.1241,2,5,5,0,0,0,1,0,0.157
CASE_000340,76982.51,0.6797,-1,2,2,0,1,0,1,0,0.684
CASE_000341,67982.99,0.583,0,0,3,0,0,1,0,0,0.458
CASE_000344,11429.43,-0.025,-1,0,2,0,0,0,0,0,0.88
CASE_000345,5281.53,-0.0911,-1,2,2,0,0,0,0,0,0.613
CASE_000350,92812.82,0.8499,3,6,6,0,0,1,1,0,0.872
CASE_000351,79817.78,0.7102,0,3,3,0,0,0,1,0,0.445
CASE_000353,48244.44,0.3708,0,0,3,0,1,1,0,0,0.276
CASE_000354,36716.83,0.2469,-3,0,0,0,0,0,1,0,0.265
CASE_000355,1109.19,-0.1359,-3,0,0,0,0,1,0,0,0.712
CASE_000357,21569.6,0.084,0,1,3,0,0,0,0,1,0.755
CASE_000358,5970.15,-0.0837,-1,0,2,1,0,0,0,0,0.785
CASE_000359,28391.45,0.1574,-1,2,2,0,0,0,0,0,0.639
CASE_000362,134557.92,1.2986,-1,0,2,0,0,0,0,1,0.537
CASE_000363,217814.8,2.1936,3,5,6,0,0,0,0,0,0.85
CASE_000364,9868.35,-0.0417,1,2,4,0,0,0,1,1,0.462
CASE_000365,16187.55,0.0262,2,5,5,0,0,0,0,0,0.743
CASE_000366,3701.03,-0.108,-2,0,1,0,0,0,0,0,0.598
CASE_000369,5153.68,-0.0924,-3,0,0,0,0,0,0,0,0.417
CASE_000370,29674.94,0.1712,1,2,4,0,0,0,1,1,0.664
CASE_000373,96481.16,0.8893,1,0,4,1,0,1,1,0,0.442
CASE_000375,8420.95,-0.0573,-1,0,2,1,0,1,0,0,0.699
CASE_000377,11943.8,-0.0194,-3,0,0,0,0,0,0,1,0.902
CASE_000378,5925.35,-0.0841,-1,2,2,0,0,0,0,0,0.861
CASE_000379,14664.81,0.0098,-1,0,2,0,0,0,1,0,0.179
CASE_000380,72505.12,0.6316,1,1,4,0,1,0,1,0,0.672
CASE_000381,22615.89,0.0953,1,0,4,0,0,0,0,0,0.797
CASE_000383,10698.62,-0.0328,-1,0,2,0,0,0,0,0,0.885
CASE_000386,16767.79,0.0324,-1,0,2,0,0,1,0,0,0.769
CASE_000387,17244.24,0.0375,-2,1,1,0,0,0,1,1,0.6
CASE_000389,6164.85,-0.0816,-3,0,0,0,0,0,1,0,0.609
CASE_000390,5243.65,-0.0915,1,0,4,0,1,0,0,1,0.669
CASE_000391,54722.29,0.4404,-3,0,0,1,0,0,1,0,0.68
CASE_000392,14866.14,0.012,-1,0,2,0,0,0,0,0,0.856
CASE_000393,11253.72,-0.0269,0,3,3,1,0,1,1,0,0.614
CASE_000394,8163.15,-0.0601,1,4,4,1,1,0,1,0,0.646
CASE_000395,96370.3,0.8881,1,0,4,0,0,0,1,0,0.528
CASE_000396,46693.2,0.3541,-1,0,2,1,0,0,0,0,0.572
CASE_000397,33675.6,0.2142,-1,0,2,0,0,0,1,1,0.582
CASE_000398,10190.63,-0.0383,0,3,3,1,0,0,1,0,0.73
CASE_000399,10614.11,-0.0337,1,0,4,0,0,0,0,0,0.217
CASE_000400,82267.74,0.7365,1,0,4,0,0,0,1,0,0.737
CASE_000402,5988.97,-0.0835,1,0,4,1,0,0,1,1,0.879
CASE_000403,47391.62,0.3616,-3,0,0,1,0,0,0,1,0.934
CASE_000404,15374.25,0.0174,0,0,3,1,0,0,0,0,0.839
CASE_000405,46712.81,0.3543,-2,0,1,0,0,0,1,1,0.782
CASE_000407,2514.16,-0.1208,0,0,3,0,0,0,0,0,0.437
CASE_000409,42116.57,0.3049,3,0,6,1,0,0,0,0,0.281
CASE_000412,62203.21,0.5208,-1,0,2,0,0,0,1,1,0.251
CASE_000413,35307.25,0.2317,0,0,3,0,0,0,1,1,0.365
CASE_000414,1768.39,-0.1288,-1,2,2,0,0,1,1,1,0.663
CASE_000415,24285.47,0.1132,3,0,6,0,0,1,0,0,0.708
CASE_000416,9924.0,-0.0412,2,0,5,1,0,0,0,0,0.88
CASE_000417,10807.37,-0.0317,1,4,4,0,0,0,0,1,0.453
CASE_000418,13952.18,0.0022,0,3,3,0,0,0,1,0,0.666
CASE_000419,34061.12,0.2183,2,0,5,0,1,0,0,0,0.737
CASE_000420,23151.33,0.101,-1,2,2,0,0,1,0,0,0.376
CASE_000421,5998.6,-0.0833,0,0,3,0,0,0,0,0,0.656
CASE_000422,23536.32,0.1052,1,0,4,1,0,0,0,0,0.444
CASE_000423,17726.02,0.0427,1,0,4,1,0,0,0,0,0.721
CASE_000424,16340.76,0.0278,-1,2,2,0,0,0,1,0,0.865
CASE_000425,33550.73,0.2128,-1,2,2,0,1,0,0,1,0.406
CASE_000426,13348.16,-0.0043,0,0,3,0,0,0,1,0,0.889
CASE_000431,144407.44,1.4045,0,2,3,0,0,0,0,0,0.595
CASE_000433,11426.33,-0.025,-1,2,2,1,0,0,1,1,0.764
CASE_000434,27500.56,0.1478,-1,0,2,0,0,0,1,0,0.425
CASE_000435,5595.47,-0.0877,0,0,3,1,0,0,0,0,0.58
CASE_000436,17468.94,0.04,-1,1,2,0,0,0,1,0,0.778
CASE_000437,10614.46,-0.0337,2,5,5,0,0,0,1,1,0.646
CASE_000438,10163.08,-0.0386,-1,1,2,0,0,0,1,0,0.572
CASE_000439,277290.85,2.8329,-1,2,2,0,0,0,0,0,0.5
CASE_000440,38697.45,0.2682,-1,0,2,0,0,1,1,0,0.237
CASE_000441,13394.08,-0.0038,0,2,3,0,0,0,1,0,0.608
CASE_000442,18599.49,0.0521,0,1,3,0,0,0,0,0,0.279
CASE_000443,5603.9,-0.0876,-1,2,2,1,1,1,1,0,0.706
CASE_000444,3439.84,-0.1109,0,3,3,1,0,0,0,0,0.338
CASE_000446,32000.07,0.1962,-1,1,2,0,0,0,1,0,0.219
CASE_000448,22510.95,0.0942,2,0,5,0,0,0,0,0,0.847
CASE_000450,70199.35,0.6068,-1,1,2,0,0,0,1,0,0.234
CASE_000451,15253.21,0.0161,2,3,5,0,0,0,1,0,0.677
CASE_000452,500.0,-0.1425,0,0,3,0,0,0,1,0,0.314
CASE_000453,496726.74,5.1918,0,0,3,0,1,0,0,0,0.661
CASE_000454,13315.43,-0.0047,0,0,3,1,0,0,0,1,0.44
CASE_000455,25990.66,0.1316,-1,0,2,0,0,1,1,0,0.697
CASE_000457,57797.81,0.4735,-1,2,2,0,0,1,1,0,0.2
CASE_000459,21734.74,0.0858,-2,1,1,0,0,0,0,1,0.514
CASE_000460,3326.21,-0.1121,-3,0,0,1,0,0,1,0,0.475
CASE_000462,62139.7,0.5201,2,0,5,0,0,0,1,0,0.776
CASE_000464,4887.73,-0.0953,1,0,4,0,0,1,1,1,0.376
CASE_000465,106164.03,0.9934,2,2,5,0,0,0,0,0,0.665
CASE_000469,6450.07,-0.0785,1,4,4,0,0,0,1,0,0.569
CASE_000470,2103.42,-0.1252,1,0,4,0,0,0,1,0,0.467
CASE_000473,25303.78,0.1242,-2,1,1,1,0,0,0,0,0.733
CASE_000480,11103.06,-0.0285,-1,0,2,0,0,0,0,0,0.495
CASE_000481,24501.78,0.1156,-1,0,2,0,0,0,0,0,0.923
CASE_000482,85553.27,0.7718,-1,0,2,0,0,0,0,0,0.746
CASE_000483,23569.67,0.1055,0,0,3,0,0,1,0,1,0.682
CASE_000484,11260.67,-0.0268,-1,0,2,1,1,1,0,1,0.32
CASE_000485,37629.82,0.2567,1,3,4,0,0,0,0,0,0.184
CASE_000489,3955.12,-0.1053,3,0,6,0,0,0,0,0,0.65
CASE_000491,5145.98,-0.0925,1,4,4,0,0,0,0,0,0.531
CASE_000492,23637.02,0.1063,0,1,3,1,0,0,0,1,0.625
CASE_000494,2088.11,-0.1254,-3,0,0,0,1,0,0,0,0.529
CASE_000496,12933.99,-0.0088,1,1,4,0,1,0,1,0,0.254
CASE_000498,55829.49,0.4523,-1,2,2,0,0,0,0,0,0.514
CASE_000499,7763.12,-0.0644,1,4,4,0,0,0,1,1,0.501
CASE_000500,12504.67,-0.0134,1,0,4,0,0,0,0,0,0.481
CASE_000501,12592.38,-0.0125,0,0,3,0,0,0,0,1,0.85
CASE_000503,10896.94,-0.0307,0,2,3,0,1,0,1,0,0.784
CASE_000504,9094.71,-0.0501,1,1,4,1,0,1,1,0,0.553
CASE_000508,1825.79,-0.1282,1,1,4,0,0,0,0,0,0.756
CASE_000509,17496.63,0.0403,-1,0,2,0,1,1,1,0,0.505
CASE_000510,6498.71,-0.078,-2,1,1,0,0,0,1,1,0.381
CASE_000511,8776.83,-0.0535,-2,1,1,1,0,0,0,0,0.551
CASE_000512,61786.31,0.5164,-1,2,2,1,0,0,0,0,0.697
CASE_000514,9428.56,-0.0465,-1,2,2,0,0,0,0,1,0.457
CASE_000515,103314.71,0.9628,1,0,4,0,0,1,1,1,0.385
CASE_000520,70309.3,0.608,3,2,6,0,0,0,0,0,0.83
CASE_000521,3863.72,-0.1063,2,0,5,0,0,0,0,0,0.464
CASE_000523,2171.8,-0.1245,2,1,5,0,0,0,0,0,0.548
CASE_000524,11085.64,-0.0287,0,0,3,0,0,0,0,0,0.249
CASE_000525,2319.38,-0.1229,-1,2,2,0,1,1,1,1,0.705
CASE_000527,4006.84,-0.1048,2,1,5,0,0,1,1,1,0.427
CASE_000528,32258.47,0.1989,-1,0,2,0,1,1,1,0,0.416
CASE_000529,19801.78,0.065,0,3,3,0,0,0,0,0,0.444
CASE_000530,15315.54,0.0168,0,1,3,0,0,0,1,1,0.564
CASE_000531,1864.61,-0.1278,-1,0,2,0,0,0,1,1,0.81
CASE_000532,22875.11,0.0981,0,1,3,0,0,0,1,1,0.464
CASE_000533,4742.46,-0.0968,-1,0,2,0,0,0,1,0,0.825
CASE_000535,394386.16,4.0917,-1,2,2,1,0,1,1,0,0.779
CASE_000537,8593.37,-0.0555,-3,0,0,0,0,1,0,1,0.293
CASE_000539,12658.33,-0.0118,1,3,4,0,0,0,0,0,0.574
CASE_000540,46355.83,0.3505,1,0,4,0,0,0,1,1,0.45
CASE_000541,2200.37,-0.1242,1,0,4,0,0,1,0,0,0.079
CASE_000542,8324.81,-0.0583,-3,0,0,1,0,1,0,1,0.972
CASE_000543,1573.03,-0.1309,1,0,4,0,0,0,1,0,0.443
CASE_000544,45971.02,0.3463,-1,0,2,1,0,1,0,1,0.612
CASE_000546,7055.54,-0.072,0,3,3,0,1,0,1,0,0.413
CASE_000547,32901.14,0.2058,0,0,3,0,0,0,1,1,0.381
CASE_000548,14850.82,0.0118,3,2,6,0,0,0,1,0,0.774
CASE_000549,18433.06,0.0503,-1,0,2,0,0,0,0,1,0.576
CASE_000550,26847.3,0.1408,-3,0,0,0,0,0,1,0,0.96
CASE_000551,2323.38,-0.1229,-2,1,1,0,0,0,1,0,0.483
CASE_000554,19794.69,0.065,-1,1,2,0,0,0,0,1,0.718
CASE_000555,47257.26,0.3602,-2,1,1,0,0,0,0,0,0.227
CASE_000556,8585.61,-0.0555,-1,1,2,1,0,0,1,0,0.968
CASE_000558,3790.09,-0.1071,-1,0,2,0,0,0,0,1,0.522
CASE_000559,17073.86,0.0357,3,1,6,1,0,0,1,1,0.906
CASE_000560,7137.88,-0.0711,4,5,7,1,0,0,0,1,0.518
CASE_000561,25625.1,0.1276,1,3,4,0,0,0,0,0,0.405
CASE_000562,9818.59,-0.0423,-3,0,0,0,0,0,0,1,0.656
CASE_000563,18156.63,0.0473,0,3,3,1,0,0,1,0,0.579
CASE_000565,14814.91,0.0114,1,0,4,0,0,0,1,0,0.282
CASE_000566,28643.54,0.1601,-1,1,2,0,0,0,1,0,0.741
CASE_000567,993.59,-0.1371,0,0,3,0,0,0,1,0,0.609
CASE_000569,7810.15,-0.0639,3,2,6,0,0,0,1,0,0.617
CASE_000570,44618.58,0.3318,1,0,4,1,0,0,1,0,0.6
CASE_000571,10968.26,-0.0299,1,0,4,0,0,0,0,1,0.578
CASE_000572,14955.46,0.0129,2,0,5,0,1,0,1,1,0.582
CASE_000573,16887.04,0.0337,-1,2,2,0,0,0,0,0,0.395
CASE_000574,14396.06,0.0069,0,1,3,0,0,0,1,0,0.299
CASE_000575,22244.5,0.0913,-1,1,2,0,0,0,1,0,0.744
CASE_000576,19823.2,0.0653,-1,2,2,0,0,0,1,0,0.57
CASE_000577,21775.01,0.0862,-2,1,1,0,0,0,1,0,0.326
CASE_000580,1947.23,-0.1269,-1,2,2,0,0,0,1,0,0.235
CASE_000582,38827.34,0.2695,0,0,3,0,0,0,0,0,0.464
CASE_000583,2674.16,-0.1191,1,4,4,1,0,0,1,0,0.676
CASE_000585,80275.15,0.7151,2,0,5,0,0,0,0,0,0.763
CASE_000586,31807.84,0.1941,3,2,6,0,0,1,0,0,0.625
CASE_000588,13962.29,0.0023,1,2,4,0,0,0,1,1,0.796
CASE_000589,131380.11,1.2645,-1,0,2,0,0,0,0,0,0.452
CASE_000592,3295.53,-0.1124,1,0,4,1,0,0,0,0,0.461
CASE_000593,238948.73,2.4208,-1,2,2,1,0,0,1,0,0.798
CASE_000594,69262.99,0.5967,-1,0,2,0,0,0,0,0,0.497
CASE_000595,7158.73,-0.0709,1,0,4,0,1,0,0,0,0.375
CASE_000596,4891.51,-0.0952,4,0,7,1,0,0,1,0,0.935
CASE_000597,7622.96,-0.0659,-3,0,0,0,0,1,1,0,0.14
CASE_000598,41856.1,0.3021,-1,2,2,1,0,0,1,1,0.322
CASE_000599,2401.79,-0.122,-2,1,1,0,0,0,0,0,0.727
CASE_000601,107394.68,1.0066,2,5,5,0,0,0,0,1,0.615
CASE_000602,13955.24,0.0022,1,4,4,0,0,0,0,0,0.49
CASE_000603,17946.76,0.0451,-1,0,2,0,0,0,0,0,0.511
CASE_000605,21476.78,0.083,1,0,4,1,0,0,1,0,0.757
CASE_000606,1871.27,-0.1277,3,1,6,1,0,0,0,0,0.906
CASE_000608,11110.81,-0.0284,2,0,5,0,0,0,0,0,0.329
CASE_000610,7095.6,-0.0716,-2,1,1,0,0,0,1,0,0.313
CASE_000611,8619.51,-0.0552,-1,2,2,1,0,0,1,1,0.271
CASE_000612,7803.68,-0.0639,-2,1,1,0,0,1,0,0,0.895
CASE_000613,18893.5,0.0553,-1,2,2,1,1,0,0,1,0.896
CASE_000614,3309.39,-0.1123,1,4,4,0,0,1,0,0,0.399
CASE_000616,11605.35,-0.0231,-2,1,1,1,0,0,1,0,0.389
CASE_000617,24900.09,0.1198,-2,1,1,0,0,0,1,1,0.622
CASE_000619,11662.07,-0.0225,2,1,5,0,0,0,1,0,0.594
CASE_000620,7870.41,-0.0632,-1,2,2,1,0,0,0,0,0.457
CASE_000621,5960.29,-0.0838,4,3,7,0,1,0,1,0,0.545
CASE_000624,8923.17,-0.0519,-1,0,2,0,0,0,0,0,0.925
CASE_000629,17761.35,0.0431,-3,0,0,0,0,0,1,0,0.323
CASE_000630,61748.85,0.5159,-3,0,0,0,0,0,1,1,0.53
CASE_000631,25622.1,0.1276,-3,0,0,1,0,1,0,1,0.716
CASE_000633,1674.16,-0.1298,1,0,4,1,0,0,1,0,0.426
CASE_000635,7727.96,-0.0648,-1,0,2,1,0,0,0,0,0.659
CASE_000637,5671.15,-0.0869,-1,0,2,0,0,0,0,1,0.57
CASE_000638,23840.29,0.1084,0,0,3,0,0,0,0,0,0.515
CASE_000639,12687.0,-0.0114,1,4,4,0,0,0,1,0,0.39
CASE_000640,38900.13,0.2703,1,4,4,1,0,0,0,0,0.666
CASE_000641,8543.12,-0.056,3,2,6,0,0,1,1,0,0.931
CASE_000644,1844.36,-0.128,1,4,4,0,0,0,0,0,0.694
CASE_000645,1445.35,-0.1323,2,2,5,0,0,0,0,1,0.386
CASE_000648,26542.71,0.1375,3,2,6,0,0,1,1,0,0.439
CASE_000650,5857.09,-0.0849,1,3,4,0,0,0,0,1,0.347
CASE_000651,15593.89,0.0198,2,1,5,0,0,0,1,1,0.641
CASE_000652,77503.07,0.6853,2,0,5,1,0,0,0,0,0.587
CASE_000653,114805.84,1.0863,1,2,4,0,1,0,0,0,0.044
CASE_000654,66357.28,0.5655,0,2,3,0,0,0,0,0,0.469
CASE_000655,39884.42,0.2809,-1,0,2,1,0,0,0,1,0.653
CASE_000657,20914.39,0.077,-1,1,2,0,0,0,0,0,0.881
CASE_000658,4506.56,-0.0994,-3,0,0,0,0,0,1,1,0.362
CASE_000659,11163.89,-0.0278,-2,1,1,0,1,0,0,1,0.393
CASE_000660,11803.8,-0.0209,-3,0,0,0,0,1,0,0,0.539
CASE_000664,17998.72,0.0457,-1,1,2,0,0,0,1,1,0.454
CASE_000665,52461.18,0.4161,0,0,3,0,0,0,1,0,0.397
CASE_000667,80166.95,0.7139,0,3,3,0,0,0,0,1,0.932
CASE_000668,6142.83,-0.0818,-1,2,2,0,0,0,0,1,0.663
CASE_000672,13952.88,0.0022,1,0,4,0,0,1,0,1,0.74
CASE_000673,26490.75,0.1369,-3,0,0,1,0,0,0,0,0.316
CASE_000674,14485.06,0.0079,-1,0,2,1,0,0,0,1,0.371
CASE_000676,34402.69,0.222,0,2,3,0,0,0,1,0,0.312
CASE_000677,83388.54,0.7486,-3,0,0,0,0,1,1,0,0.618
CASE_000678,52576.1,0.4173,1,0,4,1,0,0,0,1,0.863
CASE_000679,15313.65,0.0168,-3,0,0,1,0,0,0,0,0.244
CASE_000680,1894.01,-0.1275,-1,1,2,1,1,0,0,0,0.749
CASE_000681,4531.22,-0.0991,0,0,3,0,0,0,0,0,0.504
CASE_000682,19804.81,0.0651,0,0,3,1,0,0,1,1,0.624
CASE_000683,18452.05,0.0505,2,0,5,0,0,0,0,0,0.617
CASE_000684,5352.26,-0.0903,-2,1,1,0,0,0,1,0,0.803
CASE_000685,2940.84,-0.1162,1,4,4,0,0,0,1,0,0.538
CASE_000686,30873.66,0.1841,-1,0,2,0,0,0,0,0,0.553
CASE_000687,11443.04,-0.0248,-1,0,2,0,0,1,1,0,0.677
CASE_000690,42052.73,0.3042,2,3,5,0,0,0,0,1,0.953
CASE_000692,8580.0,-0.0556,-1,1,2,0,0,0,0,0,0.678
CASE_000693,736.27,-0.1399,-1,2,2,0,0,0,0,1,0.493
CASE_000694,1763.53,-0.1289,0,0,3,0,1,0,1,0,0.253
CASE_000695,24299.72,0.1134,-1,0,2,0,0,0,0,0,0.761
CASE_000696,148440.6,1.4479,-1,0,2,0,0,0,0,1,0.473
CASE_000697,1501.91,-0.1317,0,0,3,0,0,0,0,1,0.238
CASE_000698,2520.12,-0.1207,-1,0,2,0,0,0,0,0,0.718
CASE_000703,10923.15,-0.0304,-1,0,2,1,0,0,0,0,0.775
CASE_000704,5643.82,-0.0872,0,0,3,0,0,0,1,1,0.652
CASE_000707,21953.82,0.0882,-1,0,2,0,0,0,1,1,0.384
CASE_000712,1624.11,-0.1304,3,2,6,0,0,0,1,0,0.246
CASE_000713,3705.39,-0.108,-1,0,2,0,0,0,0,0,0.295
CASE_000714,66589.57,0.568,0,1,3,0,0,0,1,1,0.52
CASE_000715,14162.14,0.0044,0,1,3,0,1,0,1,0,0.666
CASE_000717,4889.66,-0.0953,2,5,5,1,0,0,1,1,0.384
CASE_000719,3937.97,-0.1055,-1,0,2,1,0,0,0,0,0.745
CASE_000720,38662.81,0.2678,2,0,5,0,0,0,0,1,0.519
CASE_000721,52076.44,0.412,2,0,5,0,0,0,0,0,0.906
CASE_000722,15490.56,0.0187,2,0,5,0,0,0,1,0,0.11
CASE_000725,62547.19,0.5245,1,0,4,0,0,1,0,0,0.872
CASE_000726,8627.66,-0.0551,-1,1,2,0,0,0,1,0,0.519
CASE_000727,7215.34,-0.0703,0,1,3,0,0,0,1,0,0.93
CASE_000729,4520.04,-0.0992,2,0,5,0,0,0,0,0,0.273
CASE_000730,90951.32,0.8299,-3,0,0,0,0,0,0,1,0.708
CASE_000735,2593.53,-0.1199,0,1,3,0,0,0,0,0,0.274
CASE_000737,5031.01,-0.0937,-1,2,2,0,0,0,0,0,0.505
CASE_000738,49437.27,0.3836,1,0,4,0,0,0,0,1,0.249
CASE_000739,3024.83,-0.1153,0,0,3,0,0,0,0,0,0.524
CASE_000740,12112.02,-0.0176,1,1,4,0,0,0,0,0,0.819
CASE_000744,9083.56,-0.0502,0,1,3,1,0,0,1,0,0.413
CASE_000745,5703.37,-0.0865,4,0,7,0,0,0,0,0,0.281
CASE_000746,2672.04,-0.1191,4,1,7,0,0,0,0,0,0.813
CASE_000747,13424.79,-0.0035,0,0,3,0,0,0,0,0,0.212
CASE_000751,6659.55,-0.0762,-1,1,2,1,0,0,0,0,0.359
CASE_000752,965.71,-0.1374,0,0,3,0,0,0,1,1,0.61
CASE_000753,6481.81,-0.0782,-2,1,1,0,0,0,1,1,0.714
CASE_000754,32484.05,0.2014,-1,0,2,0,0,0,0,0,0.314
CASE_000755,14991.95,0.0133,-1,2,2,1,0,0,1,1,0.236
CASE_000756,51406.42,0.4048,2,0,5,0,0,1,1,1,0.715
CASE_000758,20662.39,0.0743,2,0,5,0,0,0,1,0,0.28
CASE_000759,108343.87,1.0168,0,0,3,0,0,0,1,0,0.806
CASE_000760,17863.66,0.0442,1,4,4,0,0,0,1,0,0.334
CASE_000761,2182.13,-0.1244,-1,1,2,0,0,0,0,0,0.648
CASE_000764,7351.9,-0.0688,-1,0,2,1,0,1,0,0,0.444
CASE_000765,31842.41,0.1945,0,0,3,0,0,0,0,0,0.776
CASE_000766,11097.48,-0.0285,-1,1,2,0,0,0,0,0,0.36
CASE_000767,11563.18,-0.0235,2,0,5,1,1,0,0,1,0.417
CASE_000769,5069.03,-0.0933,0,0,3,0,1,0,0,0,0.699
CASE_000773,57623.05,0.4716,-3,0,0,0,0,0,0,0,0.426
CASE_000775,12450.42,-0.014,0,3,3,0,0,0,0,0,0.166
CASE_000776,13310.55,-0.0047,-3,0,0,0,0,0,0,1,0.835
CASE_000777,11161.38,-0.0278,-3,0,0,0,0,0,1,0,0.348
CASE_000778,90751.86,0.8277,3,0,6,0,0,0,0,1,0.734
CASE_000779,9598.25,-0.0447,0,0,3,0,0,0,1,0,0.37
CASE_000780,8987.73,-0.0512,3,0,6,0,0,0,0,1,0.208
CASE_000781,18100.65,0.0467,-1,0,2,1,0,1,1,0,0.83
CASE_000782,10009.69,-0.0402,-3,0,0,0,0,0,1,1,0.719
CASE_000783,4472.77,-0.0997,-1,0,2,0,0,1,0,0,0.422
CASE_000784,3079.21,-0.1147,1,3,4,0,0,0,1,0,0.559
CASE_000785,57026.21,0.4652,-1,0,2,1,0,0,1,0,0.841
CASE_000786,37988.39,0.2605,-1,1,2,1,0,0,0,1,0.267
CASE_000788,18952.43,0.0559,3,0,6,1,0,0,1,0,0.26
CASE_000789,6954.75,-0.0731,-3,0,0,0,0,0,0,0,0.158
CASE_000790,3782.16,-0.1072,0,0,3,1,0,1,1,0,0.384
CASE_000792,32703.34,0.2037,-3,0,0,1,0,0,1,1,0.784
CASE_000793,1480.77,-0.1319,-2,1,1,0,0,0,1,0,0.434
CASE_000794,11029.56,-0.0293,1,4,4,1,0,0,1,0,0.362
CASE_000795,20331.49,0.0707,1,0,4,0,1,0,1,0,0.577
CASE_000796,157285.64,1.5429,-2,1,1,0,0,1,1,0,0.878
CASE_000797,23661.59,0.1065,-1,2,2,0,0,0,0,1,0.728
CASE_000798,3902.5,-0.1059,-1,0,2,0,0,0,0,0,0.244
CASE_000799,149030.79,1.4542,0,0,3,0,0,1,1,1,0.596
CASE_000800,2229.12,-0.1239,-1,0,2,0,0,0,0,1,0.446
CASE_000801,46380.42,0.3507,1,4,4,0,0,0,1,0,0.29
CASE_000802,30465.49,0.1797,-2,1,1,0,0,0,0,0,0.285
CASE_000803,13141.57,-0.0066,0,0,3,0,0,0,0,1,0.845
CASE_000805,6748.28,-0.0753,2,1,5,0,0,0,0,0,0.54
CASE_000806,27640.05,0.1493,2,0,5,1,0,0,0,1,0.516
CASE_000807,3663.1,-0.1085,-1,0,2,1,1,0,0,0,0.859
CASE_000808,10014.59,-0.0402,-3,0,0,0,0,0,1,0,0.874
CASE_000810,45571.53,0.342,0,0,3,0,0,0,1,1,0.301
CASE_000811,9429.72,-0.0465,-1,0,2,1,0,0,0,0,0.201
CASE_000812,43021.82,0.3146,-1,0,2,0,1,1,0,0,0.636
CASE_000813,19028.33,0.0567,0,0,3,0,0,0,1,0,0.42
CASE_000814,8601.92,-0.0554,0,0,3,0,0,0,0,0,0.472
CASE_000815,82388.34,0.7378,1,0,4,1,0,0,0,0,0.294
CASE_000816,23705.55,0.107,-1,0,2,0,0,0,1,1,0.471
CASE_000817,29938.11,0.174,-1,0,2,1,0,0,0,0,0.335
CASE_000821,4474.93,-0.0997,-3,0,0,0,0,0,0,1,0.207
CASE_000822,18288.58,0.0488,-1,0,2,0,0,0,1,0,0.289
CASE_000823,75347.11,0.6621,-1,0,2,0,0,1,1,0,0.132
CASE_000825,3086.72,-0.1146,-3,0,0,0,0,0,0,0,0.711
CASE_000827,97325.52,0.8984,1,1,4,0,0,0,1,1,0.794
CASE_000828,4594.97,-0.0984,-3,0,0,0,0,0,1,1,0.901
CASE_000829,11567.29,-0.0235,-3,0,0,0,0,1,1,0,0.459
CASE_000831,131798.02,1.2689,-1,0,2,0,0,0,1,0,0.784
CASE_000832,21213.9,0.0802,4,0,7,0,0,0,0,0,0.411
CASE_000833,5468.79,-0.089,-3,0,0,0,0,0,1,0,0.886
CASE_000834,74968.63,0.6581,4,0,7,0,0,0,0,0,0.909
CASE_000835,65526.27,0.5566,-1,0,2,1,0,0,1,0,0.706
CASE_000838,63689.41,0.5368,1,0,4,0,0,0,0,0,0.659
CASE_000839,16130.56,0.0256,0,0,3,1,0,0,1,1,0.72
CASE_000840,2161.05,-0.1246,-1,1,2,0,0,0,0,0,0.426
CASE_000841,2505.79,-0.1209,2,0,5,0,0,0,1,1,0.404
CASE_000842,5799.37,-0.0855,-1,0,2,0,0,1,1,0,0.227
CASE_000843,3290.95,-0.1125,-1,0,2,1,0,0,0,0,0.76
CASE_000844,1146.68,-0.1355,0,0,3,1,0,0,0,0,0.376
CASE_000845,8268.11,-0.059,-1,2,2,0,0,0,1,1,0.758
CASE_000846,3601.16,-0.1091,-2,0,1,0,0,0,1,0,0.291
CASE_000849,7379.58,-0.0685,-3,0,0,0,0,0,0,1,0.137
CASE_000850,5761.73,-0.0859,0,1,3,0,0,1,1,1,0.754
CASE_000852,8385.51,-0.0577,-1,2,2,0,0,0,0,0,0.728
CASE_000853,27665.87,0.1496,0,0,3,0,0,0,0,1,0.328
CASE_000854,47166.51,0.3592,0,1,3,0,0,0,1,0,0.59
CASE_000855,11325.9,-0.0261,0,1,3,0,0,0,0,1,0.945
CASE_000856,228301.61,2.3063,-3,0,0,0,0,1,0,0,0.746
CASE_000857,26963.47,0.142,1,0,4,0,0,0,0,0,0.736
CASE_000858,3312.36,-0.1122,-1,0,2,0,0,0,1,0,0.212
CASE_000859,14872.13,0.012,-1,0,2,0,0,0,0,1,0.579
CASE_000860,4142.64,-0.1033,0,1,3,0,0,0,0,0,0.581
CASE_000861,16169.4,0.026,0,0,3,0,0,0,1,1,0.494
CASE_000862,2616.56,-0.1197,-2,1,1,0,0,0,1,0,0.383
CASE_000863,2926.15,-0.1164,-1,0,2,0,0,0,0,0,0.307
CASE_000864,15892.59,0.023,-3,0,0,0,0,0,0,0,0.682
CASE_000866,18924.62,0.0556,0,0,3,0,0,0,0,1,0.113
CASE_000867,88635.88,0.805,0,0,3,0,0,0,0,1,0.721
CASE_000868,14931.08,0.0127,-3,0,0,1,0,0,0,0,0.79
CASE_000870,15923.59,0.0233,2,0,5,0,1,0,1,0,0.94
CASE_000871,43568.45,0.3205,0,0,3,0,0,0,0,1,0.614
CASE_000873,32316.58,0.1996,2,0,5,0,0,0,1,1,0.535
CASE_000874,9572.9,-0.0449,0,0,3,0,1,0,0,0,0.436
CASE_000875,56985.17,0.4647,3,0,6,1,0,0,1,1,0.698
CASE_000877,10756.38,-0.0322,-2,1,1,1,0,0,1,1,0.575
CASE_000879,15997.69,0.0241,2,1,5,0,0,0,0,1,0.297
CASE_000880,4014.33,-0.1047,0,0,3,1,0,0,1,0,0.27
CASE_000881,14999.35,0.0134,0,3,3,0,0,0,0,1,0.76
CASE_000882,17071.34,0.0357,-3,0,0,0,0,0,0,0,0.359
CASE_000884,23559.71,0.1054,2,0,5,0,0,0,0,1,0.789
CASE_000886,15448.87,0.0182,2,0,5,0,0,0,0,0,0.486
CASE_000887,48601.78,0.3746,-1,0,2,1,0,1,0,1,0.449
CASE_000888,45967.0,0.3463,-1,0,2,0,0,0,1,0,0.565
CASE_000890,21923.85,0.0878,-1,0,2,0,0,0,0,0,0.309
CASE_000892,11610.18,-0.023,1,4,4,0,0,1,0,0,0.443
CASE_000893,3737.91,-0.1076,1,4,4,1,1,0,0,0,0.426
CASE_000894,18648.16,0.0526,2,0,5,0,0,0,1,0,0.646
CASE_000896,40690.34,0.2896,-3,0,0,0,0,0,0,0,0.911
CASE_000897,6852.01,-0.0742,2,0,5,0,0,1,1,0,0.661
CASE_000898,6291.64,-0.0802,1,0,4,1,0,0,1,1,0.863
CASE_000899,66028.6,0.562,0,3,3,0,0,0,0,1,0.474
CASE_000900,2891.99,-0.1167,3,0,6,0,0,0,1,0,0.32
CASE_000901,35910.79,0.2382,1,4,4,0,0,1,1,1,0.574
CASE_000902,91194.11,0.8325,0,2,3,0,0,0,1,1,0.65
CASE_000903,71025.44,0.6157,-1,0,2,1,0,1,1,0,0.702
CASE_000904,16474.94,0.0293,0,0,3,0,0,0,0,0,0.453
CASE_000905,20284.59,0.0702,-1,1,2,1,0,0,1,0,0.08
CASE_000906,11160.17,-0.0279,-3,0,0,0,0,0,0,1,0.399
CASE_000907,19544.32,0.0623,0,0,3,0,0,0,1,1,0.686
CASE_000909,68626.33,0.5899,-1,2,2,0,0,1,1,1,0.297
CASE_000910,20607.34,0.0737,-2,1,1,0,0,0,0,1,0.659
CASE_000911,4821.88,-0.096,2,5,5,0,0,0,0,0,0.681
CASE_000912,219867.52,2.2157,-1,0,2,0,0,0,1,1,0.471
CASE_000914,3861.65,-0.1063,-2,1,1,1,0,0,0,1,0.499
CASE_000916,61015.52,0.5081,0,3,3,0,0,0,1,0,0.149
CASE_000917,81047.74,0.7234,2,1,5,0,0,0,0,1,0.377
CASE_000918,54080.03,0.4335,1,4,4,0,0,0,1,0,0.706
CASE_000919,46469.42,0.3517,3,0,6,1,0,0,0,1,0.538
CASE_000920,105650.99,0.9879,2,5,5,0,0,1,1,1,0.55
CASE_000921,23741.31,0.1074,0,3,3,0,0,0,0,1,0.684
CASE_000923,62731.09,0.5265,-3,0,0,0,0,0,0,1,0.467
CASE_000924,77837.61,0.6889,-2,1,1,1,0,0,0,0,0.621
CASE_000925,4815.29,-0.0961,0,0,3,0,0,0,1,0,0.538
CASE_000928,9464.58,-0.0461,2,0,5,0,0,0,1,0,0.76
CASE_000929,7713.58,-0.0649,-3,0,0,0,0,0,1,0,0.874
CASE_000932,3022.57,-0.1153,-1,0,2,0,0,1,0,0,0.43
CASE_000933,97940.0,0.905,1,0,4,1,0,0,0,1,0.822
CASE_000934,10848.05,-0.0312,-1,2,2,0,0,0,1,1,0.519
CASE_000935,18180.05,0.0476,3,0,6,0,0,0,1,0,0.927
CASE_000936,9105.64,-0.0499,-1,2,2,1,0,0,1,1,0.613
CASE_000937,48375.65,0.3722,0,0,3,0,0,0,0,0,0.733
CASE_000938,70835.33,0.6136,1,0,4,0,0,0,1,0,0.313
CASE_000940,2973.29,-0.1159,-1,0,2,0,0,0,0,1,0.554
CASE_000941,12163.12,-0.0171,-1,2,2,0,0,0,1,0,0.783
CASE_000942,64856.4,0.5494,2,5,5,0,0,0,1,0,0.408
CASE_000943,34102.25,0.2188,-2,1,1,1,0,0,0,0,0.51
CASE_000944,31245.39,0.188,1,4,4,0,0,0,0,0,0.748
CASE_000945,13741.54,-0.0001,-1,2,2,1,0,0,1,0,0.541
CASE_000947,12287.27,-0.0157,-1,2,2,1,0,0,0,1,0.445
CASE_000948,21107.4,0.0791,0,2,3,1,1,0,1,0,0.661
CASE_000949,4344.88,-0.1011,0,1,3,0,0,0,1,0,0.765
CASE_000950,197117.92,1.9711,-2,0,1,0,1,1,0,0,0.738
CASE_000951,20279.67,0.0702,-2,0,1,0,0,0,0,0,0.369
CASE_000953,18455.4,0.0506,-1,0,2,0,1,0,0,0,0.528
CASE_000954,11338.02,-0.0259,-3,0,0,0,0,0,0,0,0.285
CASE_000955,12977.49,-0.0083,3,0,6,0,0,1,0,1,0.789
CASE_000956,34475.55,0.2228,-1,0,2,0,1,0,0,1,0.416
CASE_000957,3983.31,-0.105,-1,1,2,0,0,1,1,0,0.825
CASE_000958,44894.37,0.3348,1,4,4,0,0,0,0,0,0.703
CASE_000959,1774.31,-0.1288,3,0,6,0,0,0,1,1,0.847
CASE_000960,81658.47,0.73,3,0,6,1,0,0,0,1,0.72
CASE_000966,2665720.55,28.5077,-1,0,2,0,0,0,0,1,0.73
CASE_000970,10909.32,-0.0306,0,0,3,1,1,0,0,1,0.758
CASE_000972,3242.12,-0.113,-2,1,1,0,0,1,0,0,0.093
CASE_000973,2874.59,-0.1169,-3,0,0,0,0,0,1,0,0.804
CASE_000974,1706.91,-0.1295,2,5,5,0,0,1,0,0,0.939
CASE_000975,81057.52,0.7235,0,0,3,0,0,0,0,1,0.392
CASE_000976,9291.4,-0.048,-1,0,2,0,0,0,1,0,0.323
CASE_000977,11058.38,-0.029,-1,0,2,0,0,0,0,0,0.672
CASE_000978,9730.84,-0.0432,-2,1,1,0,1,0,1,1,0.787
CASE_000979,3729.67,-0.1077,-3,0,0,0,1,1,0,0,0.508
CASE_000980,8518.39,-0.0563,-1,1,2,1,0,0,1,0,0.734
CASE_000981,3501.18,-0.1102,-2,1,1,1,0,0,0,0,0.725
CASE_000982,1476.64,-0.132,-1,0,2,0,1,0,1,1,0.628
CASE_000983,6252.14,-0.0806,-1,0,2,0,0,0,0,1,0.862
CASE_000984,3916.4,-0.1057,0,3,3,1,1,1,0,1,0.751
CASE_000985,20552.82,0.0731,1,4,4,0,0,0,0,0,0.324
CASE_000986,36858.99,0.2484,0,0,3,1,0,0,1,1,0.748
CASE_000988,7141.69,-0.0711,1,0,4,0,0,0,0,0,0.296
CASE_000989,76241.86,0.6717,2,0,5,0,1,0,1,0,0.485
CASE_000990,3364.92,-0.1117,0,1,3,0,0,0,0,0,0.161
CASE_000991,15824.29,0.0223,-2,1,1,1,0,0,0,0,0.644
CASE_000993,39517.46,0.277,-3,0,0,0,0,0,0,1,0.419
CASE_000994,47943.4,0.3675,-1,2,2,0,0,1,0,1,0.464
CASE_000996,10651.34,-0.0333,-1,1,2,1,0,1,0,1,0.525
CASE_000997,14071.0,0.0034,-3,0,0,1,0,0,0,1,0.504
CASE_000998,31316.43,0.1888,1,0,4,1,0,0,1,0,0.301
CASE_000999,2783.04,-0.1179,0,2,3,1,0,0,1,1,0.673
CASE_001000,50501.67,0.395,-1,2,2,0,0,0,0,1,0.241
CASE_001003,19906.89,0.0662,1,0,4,1,0,0,0,0,0.973
CASE_001004,21634.08,0.0847,1,0,4,0,0,0,1,1,0.557
CASE_001005,3328.08,-0.1121,0,3,3,0,0,0,0,0,0.036
CASE_001006,4443.9,-0.1001,-1,0,2,0,0,1,0,0,0.61
CASE_001009,2027.67,-0.126,-2,1,1,0,0,0,0,0,0.332
CASE_001010,33667.73,0.2141,0,0,3,0,1,0,0,1,0.357
CASE_001013,8609.71,-0.0553,1,0,4,0,0,0,0,0,0.284
CASE_001014,1699.2,-0.1296,-3,0,0,1,0,0,1,0,0.891
CASE_001015,23922.69,0.1093,-1,0,2,1,0,0,0,0,0.923
CASE_001017,17362.99,0.0388,1,1,4,1,1,0,0,1,0.531
CASE_001018,83259.13,0.7472,0,0,3,1,0,0,1,1,0.673
CASE_001019,3994.63,-0.1049,2,0,5,0,0,1,0,0,0.226
CASE_001021,4970.14,-0.0944,-1,1,2,1,0,0,1,1,0.578
CASE_001022,27028.66,0.1427,2,0,5,1,0,0,0,0,0.89
CASE_001023,11214.12,-0.0273,-2,1,1,0,0,0,0,0,0.758
CASE_001026,18761.26,0.0538,0,0,3,0,0,1,0,0,0.564
CASE_001028,19302.83,0.0597,-1,0,2,0,0,0,1,0,0.567
CASE_001030,5958.01,-0.0838,0,2,3,0,0,0,0,0,0.727
CASE_001032,13219.32,-0.0057,0,1,3,0,0,0,1,0,0.858
CASE_001033,10372.05,-0.0363,0,0,3,0,0,0,1,0,0.88
CASE_001036,16454.78,0.0291,0,1,3,0,0,0,1,0,0.501
CASE_001037,3176.57,-0.1137,-1,0,2,0,0,0,1,1,0.464
CASE_001038,5761.46,-0.0859,0,0,3,1,0,0,0,1,0.125
CASE_001039,7693.87,-0.0651,-1,0,2,1,0,0,1,0,0.318
CASE_001040,67173.88,0.5743,-1,0,2,0,0,0,1,1,0.104
CASE_001041,4040.27,-0.1044,0,3,3,0,0,0,1,1,0.32
CASE_001043,11026.91,-0.0293,-1,2,2,1,0,0,1,1,0.722
CASE_001044,7089.24,-0.0716,-1,0,2,1,0,0,0,0,0.737
CASE_001045,22577.1,0.0949,-1,1,2,0,1,0,0,0,0.639
CASE_001046,4934.36,-0.0948,-3,0,0,0,0,0,0,1,0.637
CASE_001047,8411.16,-0.0574,1,0,4,1,0,0,1,0,0.778
CASE_001048,26672.85,0.1389,-1,0,2,0,0,0,0,0,0.193
CASE_001049,253861.93,2.5811,0,3,3,0,0,0,1,0,0.192
CASE_001051,13625.31,-0.0014,1,0,4,0,0,0,1,0,0.233
CASE_001052,9372.49,-0.0471,1,0,4,1,0,0,1,0,0.617
CASE_001054,40719.5,0.2899,3,0,6,0,0,0,0,0,0.554
CASE_001056,30502.48,0.1801,2,1,5,0,0,0,0,0,0.422
CASE_001058,9420.64,-0.0466,-1,1,2,0,0,0,0,1,0.904
CASE_001060,37096.5,0.2509,-2,1,1,0,0,0,1,0,0.844
CASE_001061,1233.32,-0.1346,-1,0,2,1,0,0,0,1,0.968
CASE_001064,13571.06,-0.0019,-1,1,2,1,0,0,1,1,0.361
CASE_001065,86089.71,0.7776,-1,2,2,0,0,0,0,0,0.533
CASE_001067,63297.84,0.5326,-1,2,2,1,0,0,1,0,0.669
CASE_001068,14087.72,0.0036,-2,1,1,0,0,0,0,0,0.108
CASE_001069,119410.43,1.1358,1,0,4,1,0,0,0,0,0.571
CASE_001071,7964.63,-0.0622,2,2,5,1,0,1,0,0,0.366
CASE_001072,4118.26,-0.1036,-2,1,1,1,0,1,1,1,0.869
CASE_001073,22720.03,0.0964,-1,0,2,1,0,0,0,1,0.728
CASE_001075,12611.81,-0.0123,-1,0,2,0,0,1,0,0,0.703
CASE_001076,26350.15,0.1354,0,3,3,0,0,1,1,0,0.501
CASE_001080,14740.54,0.0106,-1,2,2,0,0,0,1,0,0.296
CASE_001082,1742.52,-0.1291,-1,0,2,0,0,0,1,1,0.608
CASE_001083,3968.49,-0.1052,-3,0,0,0,1,1,1,0,0.406
CASE_001084,4774.48,-0.0965,1,2,4,0,0,0,1,0,0.606
CASE_001089,127835.93,1.2264,1,0,4,0,1,0,1,0,0.619
CASE_001090,11773.72,-0.0213,-1,2,2,0,0,0,1,1,0.613
CASE_001092,15289.65,0.0165,-1,0,2,0,0,0,0,0,0.712
CASE_001096,14791.71,0.0112,-1,0,2,0,1,1,1,0,0.858
CASE_001097,9137.19,-0.0496,1,1,4,0,0,0,0,0,0.502
CASE_001098,6973.06,-0.0729,-3,0,0,1,0,1,0,0,0.395
CASE_001099,4905.42,-0.0951,-2,1,1,1,0,0,1,0,0.46
CASE_001101,11319.66,-0.0261,-2,1,1,1,0,0,1,1,0.53
CASE_001102,645.79,-0.1409,1,4,4,1,0,1,0,0,0.269
CASE_001104,8961.39,-0.0515,-1,0,2,0,0,1,0,0,0.833
CASE_001105,2440.86,-0.1216,0,0,3,0,0,0,1,0,0.614
CASE_001107,9263.92,-0.0482,-3,0,0,1,0,0,0,0,0.167
CASE_001108,21341.03,0.0816,-1,2,2,1,0,0,1,0,0.634
CASE_001109,5675.25,-0.0868,-2,1,1,0,0,1,0,1,0.07
CASE_001110,9047.8,-0.0506,-1,0,2,1,0,0,0,0,0.725
CASE_001111,29210.5,0.1662,2,2,5,1,0,1,1,1,0.213
CASE_001114,91712.37,0.838,-1,0,2,0,0,1,1,0,0.534
CASE_001115,65386.44,0.5551,0,0,3,0,0,0,0,1,0.794
CASE_001116,15616.44,0.02,-1,0,2,0,0,0,0,0,0.734
CASE_001120,26190.76,0.1337,-1,0,2,0,0,0,0,1,0.544
CASE_001125,13459.99,-0.0031,1,0,4,1,0,0,0,0,0.137
CASE_001126,5811.89,-0.0854,-1,0,2,0,0,0,1,0,0.232
CASE_001127,10801.98,-0.0317,0,1,3,1,0,0,1,1,0.339
CASE_001128,40337.67,0.2858,0,0,3,0,0,0,1,0,0.546
CASE_001129,12104.77,-0.0177,2,0,5,1,0,0,1,1,0.312
CASE_001130,4027.0,-0.1045,0,3,3,0,0,0,1,0,0.486
CASE_001131,93089.21,0.8528,0,0,3,0,0,0,0,0,0.758
CASE_001134,9289.87,-0.048,-2,1,1,0,0,0,0,0,0.289
CASE_001136,59564.24,0.4925,-1,0,2,1,0,1,1,1,0.255
CASE_001138,4117.4,-0.1036,0,0,3,0,0,1,1,0,0.571
CASE_001141,16826.47,0.033,0,0,3,0,0,0,0,0,0.219
CASE_001143,11052.05,-0.029,1,2,4,1,0,0,0,0,0.224
CASE_001144,19859.79,0.0657,2,0,5,0,0,0,1,1,0.709
CASE_001145,4173.21,-0.103,-3,0,0,0,0,0,0,0,0.517
CASE_001146,11645.76,-0.0226,2,0,5,0,0,0,0,1,0.673
CASE_001147,8542.1,-0.056,-1,2,2,0,0,1,0,0,0.599
CASE_001148,41068.43,0.2936,2,0,5,0,0,1,1,0,0.757
CASE_001149,6565.69,-0.0773,-1,0,2,0,0,0,0,0,0.427
CASE_001151,10927.04,-0.0304,0,2,3,0,0,1,0,1,0.661
CASE_001152,3681.6,-0.1083,-1,0,2,0,0,1,0,1,0.75
CASE_001153,35427.75,0.233,-1,0,2,0,0,1,0,1,0.453
CASE_001154,23884.8,0.1089,0,0,3,0,0,0,1,1,0.612
CASE_001155,10512.19,-0.0348,0,0,3,0,0,0,0,1,0.838
CASE_001157,42842.63,0.3127,-1,2,2,0,0,0,1,0,0.689
CASE_001158,1132.82,-0.1357,-1,0,2,0,0,0,1,1,0.85
CASE_001159,20183.45,0.0691,-1,0,2,0,0,0,0,0,0.53
CASE_001160,12685.46,-0.0115,0,1,3,0,1,0,0,0,0.72
CASE_001161,16678.39,0.0315,1,1,4,0,0,0,1,1,0.326
CASE_001163,4148.9,-0.1032,-3,0,0,0,0,1,0,0,0.058
CASE_001164,49459.36,0.3838,2,3,5,0,0,0,1,1,0.575
CASE_001165,12206.98,-0.0166,-1,2,2,0,0,0,0,0,0.473
CASE_001167,6757.53,-0.0752,-1,1,2,1,0,1,0,1,0.658
CASE_001169,19619.25,0.0631,1,0,4,0,0,0,0,1,0.467
CASE_001170,5819.65,-0.0853,-1,1,2,0,0,1,0,1,0.759
CASE_001171,8063.81,-0.0611,2,1,5,0,0,1,0,1,0.382
CASE_001173,52409.4,0.4156,-3,0,0,0,0,0,0,0,0.717
CASE_001176,15970.25,0.0238,-2,1,1,1,0,0,0,0,0.854
CASE_001178,4815.55,-0.0961,0,2,3,1,0,1,1,0,0.78
CASE_001180,7857.55,-0.0634,3,1,6,0,0,0,0,1,0.405
CASE_001182,34997.55,0.2284,-1,2,2,1,0,0,1,1,0.745
CASE_001183,22453.3,0.0935,-1,0,2,0,0,0,0,0,0.658
CASE_001184,2034.49,-0.126,-1,2,2,0,0,1,0,0,0.377
CASE_001186,34770.36,0.2259,0,2,3,0,0,0,0,0,0.794
CASE_001190,400283.27,4.1551,-1,0,2,0,0,0,0,0,0.798
CASE_001191,34307.53,0.221,2,0,5,0,1,0,0,1,0.853
CASE_001196,11082.89,-0.0287,1,0,4,1,0,0,1,1,0.107
CASE_001197,5878.69,-0.0846,-3,0,0,0,0,0,1,0,0.416
CASE_001199,3719.93,-0.1078,-1,0,2,0,0,0,1,1,0.443
CASE_001200,78059.5,0.6913,2,0,5,1,0,0,1,1,0.69
