complaint_id,cluster_id,chain_accounts,cashout_account_id,pattern_used
CASE_000001,CLUSTER_0012,ACC_000815|ACC_000767|ACC_001308|ACC_000139,ACC_000139,A
CASE_000002,CLUSTER_0025,ACC_000590|ACC_001625|ACC_001288|ACC_000093,ACC_000093,D
CASE_000003,CLUSTER_0010,ACC_000493|ACC_001350|ACC_000052,ACC_000052,B
CASE_000004,CLUSTER_0020,ACC_000902|ACC_000480|ACC_000023|ACC_000480,ACC_000480,A
CASE_000005,CLUSTER_0020,ACC_000661|ACC_000480|ACC_000775|ACC_000480,ACC_000480,A
CASE_000006,CLUSTER_0008,ACC_001354|ACC_001507|ACC_001647,ACC_001647,B
CASE_000007,CLUSTER_0020,ACC_000526|ACC_000023|ACC_000480|ACC_000775,ACC_000775,B
CASE_000008,CLUSTER_0020,ACC_000719|ACC_000480|ACC_000775|ACC_000023,ACC_000023,E
CASE_000009,CLUSTER_0012,ACC_001398|ACC_000139|ACC_001308,ACC_001308,D
CASE_000010,CLUSTER_0010,ACC_000312|ACC_001350|ACC_000052,ACC_000052,A
CASE_000011,CLUSTER_0017,ACC_001599|ACC_001296|ACC_000819|ACC_001296,ACC_001296,D
CASE_000012,CLUSTER_0026,ACC_001320|ACC_001293|ACC_001349|ACC_001293,ACC_001293,B
CASE_000013,CLUSTER_0026,ACC_001113|ACC_001349|ACC_001629|ACC_001293|ACC_001629,ACC_001629,B
CASE_000014,CLUSTER_0015,ACC_000687|ACC_001267|ACC_001050,ACC_001050,B
CASE_000015,CLUSTER_0023,ACC_001081|ACC_000533|ACC_000287|ACC_000366,ACC_000366,A
CASE_000016,CLUSTER_0023,ACC_000243|ACC_000287|ACC_001335,ACC_001335,A
CASE_000017,CLUSTER_0025,ACC_001701|ACC_001625|ACC_000093,ACC_000093,A
CASE_000018,CLUSTER_0021,ACC_000263|ACC_000404|ACC_000659,ACC_000659,A
CASE_000019,CLUSTER_0012,ACC_000212|ACC_001308|ACC_000767|ACC_001308,ACC_001308,B
CASE_000020,CLUSTER_0027,ACC_000450|ACC_000880|ACC_000652,ACC_000652,D
CASE_000021,CLUSTER_0013,ACC_000865|ACC_001300|ACC_000011,ACC_000011,B
CASE_000022,CLUSTER_0010,ACC_000846|ACC_000052|ACC_001350,ACC_001350,D
CASE_000023,CLUSTER_0020,ACC_001513|ACC_000480|ACC_000775,ACC_000775,E
CASE_000024,CLUSTER_0026,ACC_001627|ACC_001238|ACC_001349,ACC_001349,B
CASE_000025,CLUSTER_0021,ACC_000512|ACC_000404|ACC_000659,ACC_000659,D
CASE_000026,CLUSTER_0021,ACC_001766|ACC_000659|ACC_000404,ACC_000404,A
CASE_000027,CLUSTER_0013,ACC_000789|ACC_000011|ACC_001300,ACC_001300,A
CASE_000028,CLUSTER_0023,ACC_001444|ACC_000366|ACC_001335|ACC_000366|ACC_000287,ACC_000287,E
CASE_000029,CLUSTER_0010,ACC_000065|ACC_001350|ACC_000052,ACC_000052,B
CASE_000030,CLUSTER_0008,ACC_001573|ACC_001507|ACC_001647,ACC_001647,A
CASE_000031,CLUSTER_0025,ACC_001450|ACC_001625|ACC_001288,ACC_001288,D
CASE_000032,CLUSTER_0020,ACC_000640|ACC_000023|ACC_000480|ACC_000775,ACC_000775,B
CASE_000033,CLUSTER_0025,ACC_000839|ACC_001288|ACC_001625,ACC_001625,A
CASE_000034,CLUSTER_0005,ACC_000344|ACC_001788|ACC_000782|ACC_000820,ACC_000820,A
CASE_000035,CLUSTER_0023,ACC_001162|ACC_000366|ACC_000533|ACC_000287,ACC_000287,D
CASE_000036,CLUSTER_0009,ACC_001450|ACC_000445|ACC_000664|ACC_000445,ACC_000445,B
CASE_000037,CLUSTER_0010,ACC_001095|ACC_000052|ACC_001350,ACC_001350,B
CASE_000038,CLUSTER_0010,ACC_000150|ACC_001350|ACC_000052,ACC_000052,B
CASE_000039,CLUSTER_0005,ACC_000695|ACC_001046|ACC_000820|ACC_000782|ACC_001788,ACC_001788,E
CASE_000040,CLUSTER_0027,ACC_000363|ACC_001117|ACC_000694|ACC_000652,ACC_000652,B
CASE_000041,CLUSTER_0021,ACC_001377|ACC_000404|ACC_000659,ACC_000659,B
CASE_000042,CLUSTER_0025,ACC_001621|ACC_001625|ACC_001288|ACC_001625|ACC_001288,ACC_001288,A
CASE_000043,CLUSTER_0010,ACC_001670|ACC_001350|ACC_000052,ACC_000052,D
CASE_000044,CLUSTER_0023,ACC_000363|ACC_000533|ACC_000267|ACC_000366,ACC_000366,B
CASE_000045,CLUSTER_0008,ACC_000216|ACC_001647|ACC_001507,ACC_001507,D
CASE_000046,CLUSTER_0010,ACC_000256|ACC_001350|ACC_000052,ACC_000052,B
CASE_000047,CLUSTER_0025,ACC_000129|ACC_001288|ACC_000093|ACC_001625,ACC_001625,D
CASE_000048,CLUSTER_0010,ACC_000877|ACC_000052|ACC_001350,ACC_001350,B
CASE_000049,CLUSTER_0024,ACC_000865|ACC_000378|ACC_001558|ACC_000709|ACC_001085,ACC_001085,D
CASE_000050,CLUSTER_0025,ACC_000796|ACC_001625|ACC_000093|ACC_001625,ACC_001625,A
CASE_000051,CLUSTER_0005,ACC_001321|ACC_001046|ACC_000782|ACC_001788,ACC_001788,B
CASE_000052,CLUSTER_0025,ACC_001263|ACC_001625|ACC_000093|ACC_001625,ACC_001625,A
CASE_000053,CLUSTER_0020,ACC_000488|ACC_000480|ACC_000023,ACC_000023,B
CASE_000054,CLUSTER_0021,ACC_001617|ACC_000659|ACC_000404,ACC_000404,D
CASE_000055,CLUSTER_0025,ACC_000603|ACC_001625|ACC_001288|ACC_000093|ACC_001625,ACC_001625,D
CASE_000056,CLUSTER_0021,ACC_001398|ACC_000404|ACC_000659,ACC_000659,D
CASE_000057,CLUSTER_0026,ACC_001045|ACC_001238|ACC_001293|ACC_001629|ACC_001365,ACC_001365,A
CASE_000058,CLUSTER_0025,ACC_001746|ACC_000467|ACC_000093|ACC_001288|ACC_000467,ACC_000467,A
CASE_000059,CLUSTER_0012,ACC_001148|ACC_000767|ACC_001308|ACC_000767,ACC_000767,E
CASE_000060,CLUSTER_0023,ACC_000158|ACC_000267|ACC_000366|ACC_001335|ACC_000267,ACC_000267,A
CASE_000061,CLUSTER_0015,ACC_000044|ACC_001267|ACC_001050,ACC_001050,B
CASE_000062,CLUSTER_0008,ACC_000303|ACC_001507|ACC_001647,ACC_001647,B
CASE_000063,CLUSTER_0013,ACC_001627|ACC_001300|ACC_000011,ACC_000011,D
CASE_000064,CLUSTER_0005,ACC_001266|ACC_001788|ACC_000309|ACC_000782,ACC_000782,A
CASE_000065,CLUSTER_0020,ACC_000498|ACC_000480|ACC_000023|ACC_000775,ACC_000775,B
CASE_000066,CLUSTER_0001,ACC_000540|ACC_000524|ACC_000091,ACC_000091,A
CASE_000067,CLUSTER_0010,ACC_000912|ACC_001350|ACC_000052,ACC_000052,B
CASE_000068,CLUSTER_0027,ACC_000131|ACC_000694|ACC_000652,ACC_000652,A
CASE_000069,CLUSTER_0025,ACC_000758|ACC_000093|ACC_001625,ACC_001625,D
CASE_000070,CLUSTER_0021,ACC_000804|ACC_000404|ACC_000659,ACC_000659,B
CASE_000071,CLUSTER_0027,ACC_001018|ACC_001117|ACC_000652,ACC_000652,D
CASE_000072,CLUSTER_0019,ACC_001576|ACC_000753|ACC_001690|ACC_000753,ACC_000753,D
CASE_000073,CLUSTER_0020,ACC_001664|ACC_000023|ACC_000775|ACC_000023,ACC_000023,B
CASE_000074,CLUSTER_0017,ACC_001722|ACC_001768|ACC_000819,ACC_000819,D
CASE_000075,CLUSTER_0005,ACC_000924|ACC_000782|ACC_001592|ACC_000820|ACC_000309,ACC_000309,B
CASE_000076,CLUSTER_0013,ACC_001646|ACC_001300|ACC_000011,ACC_000011,A
CASE_000077,CLUSTER_0020,ACC_000965|ACC_000775|ACC_000480|ACC_000775,ACC_000775,B
CASE_000078,CLUSTER_0020,ACC_000936|ACC_000023|ACC_000480,ACC_000480,B
CASE_000079,CLUSTER_0020,ACC_000078|ACC_000775|ACC_000480|ACC_000775,ACC_000775,B
CASE_000080,CLUSTER_0013,ACC_000032|ACC_001300|ACC_000011,ACC_000011,D
CASE_000081,CLUSTER_0023,ACC_000298|ACC_000533|ACC_000366|ACC_000533,ACC_000533,D
CASE_000082,CLUSTER_0026,ACC_000741|ACC_001365|ACC_001238,ACC_001238,A
CASE_000083,CLUSTER_0023,ACC_000736|ACC_000267|ACC_000533|ACC_000267,ACC_000267,D
CASE_000084,CLUSTER_0013,ACC_000806|ACC_001300|ACC_000011,ACC_000011,D
CASE_000085,CLUSTER_0012,ACC_000433|ACC_000139|ACC_001308|ACC_000139,ACC_000139,A
CASE_000086,CLUSTER_0025,ACC_001641|ACC_001288|ACC_000467,ACC_000467,D
CASE_000087,CLUSTER_0011,ACC_000219|ACC_000961|ACC_000190,ACC_000190,E
CASE_000088,CLUSTER_0008,ACC_000379|ACC_001507|ACC_001647,ACC_001647,B
CASE_000089,CLUSTER_0012,ACC_000897|ACC_001308|ACC_000139|ACC_001308,ACC_001308,A
CASE_000090,CLUSTER_0020,ACC_001786|ACC_000023|ACC_000480,ACC_000480,B
CASE_000091,CLUSTER_0001,ACC_000230|ACC_000068|ACC_000524|ACC_000068,ACC_000068,A
CASE_000092,CLUSTER_0010,ACC_000900|ACC_001350|ACC_000052,ACC_000052,A
CASE_000093,CLUSTER_0012,ACC_001586|ACC_001308|ACC_000767,ACC_000767,A
CASE_000094,CLUSTER_0020,ACC_000312|ACC_000480|ACC_000775|ACC_000480,ACC_000480,A
CASE_000095,CLUSTER_0023,ACC_000377|ACC_000267|ACC_000287|ACC_000533|ACC_001335,ACC_001335,D
CASE_000096,CLUSTER_0027,ACC_001094|ACC_001117|ACC_000652|ACC_000694,ACC_000694,A
CASE_000097,CLUSTER_0010,ACC_001095|ACC_001350|ACC_000052,ACC_000052,A
CASE_000098,CLUSTER_0023,ACC_000839|ACC_001335|ACC_000533,ACC_000533,E
CASE_000099,CLUSTER_0011,ACC_001529|ACC_000961|ACC_000190,ACC_000190,E
CASE_000100,CLUSTER_0020,ACC_000463|ACC_000023|ACC_000775,ACC_000775,B
CASE_000101,CLUSTER_0012,ACC_000791|ACC_000139|ACC_001308,ACC_001308,E
CASE_000102,CLUSTER_0019,ACC_000598|ACC_001690|ACC_000932|ACC_000753,ACC_000753,A
CASE_000103,CLUSTER_0020,ACC_001275|ACC_000775|ACC_000023|ACC_000480,ACC_000480,E
CASE_000104,CLUSTER_0026,ACC_000794|ACC_001293|ACC_001349|ACC_001629,ACC_001629,B
CASE_000105,CLUSTER_0012,ACC_000617|ACC_001308|ACC_000767,ACC_000767,A
CASE_000106,CLUSTER_0025,ACC_000312|ACC_001625|ACC_001288|ACC_000467,ACC_000467,D
CASE_000107,CLUSTER_0023,ACC_001030|ACC_000267|ACC_001335|ACC_000287|ACC_001335,ACC_001335,A
CASE_000108,CLUSTER_0020,ACC_000471|ACC_000480|ACC_000775|ACC_000480,ACC_000480,B
CASE_000109,CLUSTER_0023,ACC_001493|ACC_000533|ACC_000267,ACC_000267,A
CASE_000110,CLUSTER_0013,ACC_000755|ACC_001300|ACC_000011,ACC_000011,D
CASE_000111,CLUSTER_0021,ACC_001441|ACC_000659|ACC_000404,ACC_000404,D
CASE_000112,CLUSTER_0010,ACC_000791|ACC_000052|ACC_001350,ACC_001350,B
CASE_000113,CLUSTER_0023,ACC_000363|ACC_000267|ACC_000287|ACC_000366,ACC_000366,B
CASE_000114,CLUSTER_0013,ACC_001403|ACC_000011|ACC_001300,ACC_001300,D
CASE_000115,CLUSTER_0027,ACC_001176|ACC_001117|ACC_000880,ACC_000880,B
CASE_000116,CLUSTER_0017,ACC_000528|ACC_000819|ACC_001296|ACC_001768,ACC_001768,B
CASE_000117,CLUSTER_0025,ACC_000490|ACC_001288|ACC_000093,ACC_000093,D
CASE_000118,CLUSTER_0012,ACC_001635|ACC_001308|ACC_000767|ACC_001308,ACC_001308,B
CASE_000119,CLUSTER_0012,ACC_001264|ACC_000767|ACC_001308|ACC_000767,ACC_000767,A
CASE_000120,CLUSTER_0023,ACC_000321|ACC_000533|ACC_000287|ACC_000533|ACC_001335,ACC_001335,E
CASE_000121,CLUSTER_0025,ACC_001644|ACC_000093|ACC_001288|ACC_001625,ACC_001625,A
CASE_000122,CLUSTER_0020,ACC_001303|ACC_000775|ACC_000023,ACC_000023,B
CASE_000123,CLUSTER_0006,ACC_000131|ACC_001133|ACC_001065|ACC_001150|ACC_000342,ACC_000342,A
CASE_000124,CLUSTER_0013,ACC_000689|ACC_001300|ACC_000011,ACC_000011,E
CASE_000125,CLUSTER_0024,ACC_000377|ACC_000378|ACC_000709|ACC_001085,ACC_001085,D
CASE_000126,CLUSTER_0020,ACC_000368|ACC_000023|ACC_000480|ACC_000775,ACC_000775,B
CASE_000127,CLUSTER_0023,ACC_000257|ACC_000287|ACC_000533,ACC_000533,E
CASE_000128,CLUSTER_0015,ACC_001077|ACC_001267|ACC_001050,ACC_001050,E
CASE_000129,CLUSTER_0005,ACC_001245|ACC_001046|ACC_000309|ACC_001046|ACC_001592,ACC_001592,A
CASE_000130,CLUSTER_0021,ACC_000216|ACC_000404|ACC_000659,ACC_000659,D
CASE_000131,CLUSTER_0012,ACC_001517|ACC_000767|ACC_000139,ACC_000139,E
CASE_000132,CLUSTER_0020,ACC_001646|ACC_000023|ACC_000775|ACC_000480,ACC_000480,D
CASE_000133,CLUSTER_0025,ACC_000114|ACC_000093|ACC_000467|ACC_000093|ACC_001288,ACC_001288,A
CASE_000134,CLUSTER_0011,ACC_001187|ACC_000961|ACC_000190,ACC_000190,D
CASE_000135,CLUSTER_0013,ACC_000124|ACC_001300|ACC_000011,ACC_000011,B
CASE_000136,CLUSTER_0010,ACC_000405|ACC_001350|ACC_000052,ACC_000052,B
CASE_000137,CLUSTER_0005,ACC_001312|ACC_000820|ACC_001592,ACC_001592,B
CASE_000138,CLUSTER_0017,ACC_001464|ACC_001768|ACC_001296|ACC_001768,ACC_001768,A
CASE_000139,CLUSTER_0008,ACC_001148|ACC_001647|ACC_001507,ACC_001507,A
CASE_000140,CLUSTER_0012,ACC_001163|ACC_000767|ACC_000139|ACC_000767,ACC_000767,A
CASE_000141,CLUSTER_0025,ACC_000559|ACC_000467|ACC_001288|ACC_001625,ACC_001625,A
CASE_000142,CLUSTER_0005,ACC_001147|ACC_000782|ACC_000820|ACC_001592|ACC_000309,ACC_000309,A
CASE_000143,CLUSTER_0021,ACC_000199|ACC_000659|ACC_000404,ACC_000404,A
CASE_000144,CLUSTER_0015,ACC_000804|ACC_001267|ACC_001050,ACC_001050,E
CASE_000145,CLUSTER_0015,ACC_000112|ACC_001267|ACC_001050,ACC_001050,B
CASE_000146,CLUSTER_0020,ACC_000064|ACC_000480|ACC_000775|ACC_000023,ACC_000023,B
CASE_000147,CLUSTER_0013,ACC_001328|ACC_001300|ACC_000011,ACC_000011,D
CASE_000148,CLUSTER_0008,ACC_000798|ACC_001647|ACC_001507,ACC_001507,A
CASE_000149,CLUSTER_0025,ACC_001128|ACC_001288|ACC_000093|ACC_000467,ACC_000467,D
CASE_000150,CLUSTER_0010,ACC_001018|ACC_000052|ACC_001350,ACC_001350,A
CASE_000151,CLUSTER_0023,ACC_000423|ACC_000287|ACC_001335|ACC_000366|ACC_000267,ACC_000267,D
CASE_000152,CLUSTER_0023,ACC_001404|ACC_000533|ACC_000267|ACC_000533|ACC_000366,ACC_000366,A
CASE_000153,CLUSTER_0010,ACC_000550|ACC_000052|ACC_001350,ACC_001350,A
CASE_000154,CLUSTER_0010,ACC_000286|ACC_001350|ACC_000052,ACC_000052,B
CASE_000155,CLUSTER_0025,ACC_000974|ACC_001288|ACC_001625,ACC_001625,D
CASE_000156,CLUSTER_0005,ACC_000555|ACC_000820|ACC_001788|ACC_000782,ACC_000782,D
CASE_000157,CLUSTER_0017,ACC_001720|ACC_001296|ACC_000819|ACC_001768,ACC_001768,D
CASE_000158,CLUSTER_0006,ACC_000124|ACC_000342|ACC_001133,ACC_001133,D
CASE_000159,CLUSTER_0017,ACC_000180|ACC_000819|ACC_001768|ACC_000819,ACC_000819,B
CASE_000160,CLUSTER_0010,ACC_000236|ACC_000052|ACC_001350,ACC_001350,A
CASE_000161,CLUSTER_0025,ACC_000134|ACC_000093|ACC_001625,ACC_001625,A
CASE_000162,CLUSTER_0013,ACC_000108|ACC_001300|ACC_000011,ACC_000011,D
CASE_000163,CLUSTER_0023,ACC_000312|ACC_000287|ACC_000533|ACC_000287,ACC_000287,B
CASE_000164,CLUSTER_0015,ACC_001682|ACC_001050|ACC_001267,ACC_001267,A
CASE_000165,CLUSTER_0020,ACC_000796|ACC_000023|ACC_000480|ACC_000775,ACC_000775,A
CASE_000166,CLUSTER_0021,ACC_001651|ACC_000659|ACC_000404,ACC_000404,A
CASE_000167,CLUSTER_0021,ACC_001767|ACC_000659|ACC_000404,ACC_000404,D
CASE_000168,CLUSTER_0025,ACC_000862|ACC_000467|ACC_001288,ACC_001288,D
CASE_000169,CLUSTER_0013,ACC_000199|ACC_000011|ACC_001300,ACC_001300,D
CASE_000170,CLUSTER_0020,ACC_001212|ACC_000023|ACC_000480|ACC_000023,ACC_000023,B
CASE_000171,CLUSTER_0025,ACC_000984|ACC_000467|ACC_000093,ACC_000093,A
CASE_000172,CLUSTER_0013,ACC_000857|ACC_000011|ACC_001300,ACC_001300,D
CASE_000173,CLUSTER_0010,ACC_000435|ACC_000052|ACC_001350,ACC_001350,A
CASE_000174,CLUSTER_0012,ACC_000243|ACC_000139|ACC_001308,ACC_001308,A
CASE_000175,CLUSTER_0013,ACC_000350|ACC_001300|ACC_000011,ACC_000011,D
CASE_000176,CLUSTER_0010,ACC_000038|ACC_001350|ACC_000052,ACC_000052,A
CASE_000177,CLUSTER_0010,ACC_001101|ACC_000052|ACC_001350,ACC_001350,A
CASE_000178,CLUSTER_0005,ACC_001553|ACC_001046|ACC_001788|ACC_000782|ACC_001592,ACC_001592,A
CASE_000179,CLUSTER_0011,ACC_000522|ACC_000190|ACC_000961,ACC_000961,A
CASE_000180,CLUSTER_0025,ACC_000974|ACC_000467|ACC_001288|ACC_001625,ACC_001625,D
CASE_000181,CLUSTER_0021,ACC_001377|ACC_000404|ACC_000659,ACC_000659,D
CASE_000182,CLUSTER_0013,ACC_000512|ACC_001300|ACC_000011,ACC_000011,D
CASE_000183,CLUSTER_0023,ACC_001599|ACC_000287|ACC_000366|ACC_000287,ACC_000287,D
CASE_000184,CLUSTER_0021,ACC_000916|ACC_000404|ACC_000659,ACC_000659,B
CASE_000185,CLUSTER_0010,ACC_001258|ACC_001350|ACC_000052,ACC_000052,A
CASE_000186,CLUSTER_0021,ACC_001447|ACC_000659|ACC_000404,ACC_000404,D
CASE_000187,CLUSTER_0025,ACC_001635|ACC_000093|ACC_001625|ACC_000093|ACC_001625,ACC_001625,A
CASE_000188,CLUSTER_0008,ACC_001700|ACC_001647|ACC_001507,ACC_001507,B
CASE_000189,CLUSTER_0027,ACC_001722|ACC_001117|ACC_000880,ACC_000880,D
CASE_000190,CLUSTER_0017,ACC_000076|ACC_001768|ACC_001296|ACC_000819,ACC_000819,D
CASE_000191,CLUSTER_0020,ACC_000331|ACC_000480|ACC_000775|ACC_000480,ACC_000480,B
CASE_000192,CLUSTER_0005,ACC_000116|ACC_001592|ACC_001788|ACC_000782,ACC_000782,B
CASE_000193,CLUSTER_0012,ACC_001671|ACC_000139|ACC_000767|ACC_000139,ACC_000139,A
CASE_000194,CLUSTER_0015,ACC_000085|ACC_001267|ACC_001050,ACC_001050,A
CASE_000195,CLUSTER_0026,ACC_000269|ACC_001238|ACC_001365|ACC_001629,ACC_001629,B
CASE_000196,CLUSTER_0023,ACC_000577|ACC_000267|ACC_000287|ACC_000533,ACC_000533,B
CASE_000197,CLUSTER_0025,ACC_000025|ACC_001625|ACC_001288|ACC_000467,ACC_000467,D
CASE_000198,CLUSTER_0023,ACC_001313|ACC_000533|ACC_001335,ACC_001335,E
CASE_000199,CLUSTER_0025,ACC_001320|ACC_000467|ACC_001625|ACC_000093,ACC_000093,A
CASE_000200,CLUSTER_0005,ACC_000901|ACC_001046|ACC_000820,ACC_000820,A
CASE_000201,CLUSTER_0025,ACC_000110|ACC_001288|ACC_001625|ACC_000467|ACC_001625,ACC_001625,D
CASE_000202,CLUSTER_0024,ACC_000280|ACC_001178|ACC_001558|ACC_000709,ACC_000709,B
CASE_000203,CLUSTER_0020,ACC_001701|ACC_000023|ACC_000775,ACC_000775,B
CASE_000204,CLUSTER_0023,ACC_001583|ACC_000366|ACC_000267|ACC_001335|ACC_000533,ACC_000533,D
CASE_000205,CLUSTER_0023,ACC_000798|ACC_000366|ACC_001335|ACC_000287,ACC_000287,D
CASE_000206,CLUSTER_0005,ACC_001274|ACC_001046|ACC_001788|ACC_001592|ACC_000309,ACC_000309,A
CASE_000207,CLUSTER_0012,ACC_001749|ACC_000767|ACC_001308,ACC_001308,A
CASE_000208,CLUSTER_0025,ACC_000110|ACC_001625|ACC_001288|ACC_000467|ACC_001625,ACC_001625,D
CASE_000209,CLUSTER_0012,ACC_001004|ACC_000139|ACC_000767,ACC_000767,B
CASE_000210,CLUSTER_0008,ACC_001066|ACC_001507|ACC_001647,ACC_001647,B
CASE_000211,CLUSTER_0023,ACC_001142|ACC_000287|ACC_000366,ACC_000366,D
CASE_000212,CLUSTER_0015,ACC_000054|ACC_001050|ACC_001267,ACC_001267,D
CASE_000213,CLUSTER_0025,ACC_001160|ACC_000093|ACC_001625|ACC_001288,ACC_001288,B
CASE_000214,CLUSTER_0020,ACC_000584|ACC_000480|ACC_000775|ACC_000023,ACC_000023,E
CASE_000215,CLUSTER_0027,ACC_000150|ACC_000880|ACC_001117,ACC_001117,D
CASE_000216,CLUSTER_0023,ACC_001129|ACC_000267|ACC_000366|ACC_000533,ACC_000533,A
CASE_000217,CLUSTER_0021,ACC_001148|ACC_000659|ACC_000404,ACC_000404,A
CASE_000218,CLUSTER_0020,ACC_001444|ACC_000775|ACC_000023|ACC_000775,ACC_000775,B
CASE_000219,CLUSTER_0006,ACC_000143|ACC_001065|ACC_001133,ACC_001133,B
CASE_000220,CLUSTER_0005,ACC_000661|ACC_000309|ACC_000820|ACC_000309,ACC_000309,B
CASE_000221,CLUSTER_0023,ACC_000897|ACC_000267|ACC_000366|ACC_001335|ACC_000267,ACC_000267,A
CASE_000222,CLUSTER_0023,ACC_001196|ACC_000366|ACC_001335|ACC_000267,ACC_000267,A
CASE_000223,CLUSTER_0010,ACC_000389|ACC_001350|ACC_000052,ACC_000052,A
CASE_000224,CLUSTER_0020,ACC_000454|ACC_000023|ACC_000775|ACC_000023,ACC_000023,E
CASE_000225,CLUSTER_0013,ACC_000462|ACC_000011|ACC_001300,ACC_001300,A
CASE_000226,CLUSTER_0023,ACC_000289|ACC_001335|ACC_000533|ACC_001335|ACC_000366,ACC_000366,A
CASE_000227,CLUSTER_0025,ACC_001258|ACC_000093|ACC_001625,ACC_001625,A
CASE_000228,CLUSTER_0017,ACC_001784|ACC_000819|ACC_001296|ACC_000819,ACC_000819,A
CASE_000229,CLUSTER_0023,ACC_001502|ACC_000287|ACC_000366,ACC_000366,D
CASE_000230,CLUSTER_0014,ACC_000065|ACC_001029|ACC_001393|ACC_001029,ACC_001029,D
CASE_000231,CLUSTER_0020,ACC_000423|ACC_000480|ACC_000023|ACC_000775,ACC_000775,B
CASE_000232,CLUSTER_0023,ACC_001186|ACC_000267|ACC_000287|ACC_001335,ACC_001335,A
CASE_000233,CLUSTER_0008,ACC_000257|ACC_001647|ACC_001507,ACC_001507,B
CASE_000234,CLUSTER_0003,ACC_001314|ACC_000823|ACC_001426,ACC_001426,E
CASE_000235,CLUSTER_0021,ACC_001370|ACC_000404|ACC_000659,ACC_000659,E
CASE_000236,CLUSTER_0023,ACC_000540|ACC_001335|ACC_000267|ACC_001335|ACC_000533,ACC_000533,E
CASE_000237,CLUSTER_0021,ACC_000443|ACC_000404|ACC_000659,ACC_000659,A
CASE_000238,CLUSTER_0010,ACC_000858|ACC_000052|ACC_001350,ACC_001350,A
CASE_000239,CLUSTER_0020,ACC_000625|ACC_000775|ACC_000023,ACC_000023,B
CASE_000240,CLUSTER_0016,ACC_000852|ACC_001762|ACC_000319,ACC_000319,B
CASE_000241,CLUSTER_0025,ACC_001317|ACC_000093|ACC_001625|ACC_000093|ACC_000467,ACC_000467,B
CASE_000242,CLUSTER_0023,ACC_001535|ACC_000267|ACC_001335|ACC_000533|ACC_000287,ACC_000287,D
CASE_000243,CLUSTER_0020,ACC_000399|ACC_000480|ACC_000775|ACC_000480,ACC_000480,B
CASE_000244,CLUSTER_0015,ACC_001719|ACC_001050|ACC_001267,ACC_001267,B
CASE_000245,CLUSTER_0013,ACC_000235|ACC_000011|ACC_001300,ACC_001300,D
CASE_000246,CLUSTER_0010,ACC_000538|ACC_000052|ACC_001350,ACC_001350,A
CASE_000247,CLUSTER_0023,ACC_000984|ACC_000267|ACC_000366,ACC_000366,A
CASE_000248,CLUSTER_0020,ACC_000143|ACC_000775|ACC_000480|ACC_000023,ACC_000023,E
CASE_000249,CLUSTER_0008,ACC_000322|ACC_001647|ACC_001507,ACC_001507,A
CASE_000250,CLUSTER_0017,ACC_000901|ACC_000819|ACC_001768,ACC_001768,B
CASE_000251,CLUSTER_0023,ACC_000222|ACC_000533|ACC_000366|ACC_000267,ACC_000267,D
CASE_000252,CLUSTER_0010,ACC_000993|ACC_000052|ACC_001350,ACC_001350,A
CASE_000253,CLUSTER_0023,ACC_000145|ACC_001335|ACC_000267|ACC_001335,ACC_001335,A
CASE_000254,CLUSTER_0019,ACC_001767|ACC_001690|ACC_000753|ACC_001690,ACC_001690,A
CASE_000255,CLUSTER_0006,ACC_001619|ACC_001150|ACC_001133|ACC_000342,ACC_000342,D
CASE_000256,CLUSTER_0025,ACC_001186|ACC_001625|ACC_000467|ACC_000093,ACC_000093,D
CASE_000257,CLUSTER_0010,ACC_000048|ACC_001350|ACC_000052,ACC_000052,A
CASE_000258,CLUSTER_0005,ACC_001667|ACC_000309|ACC_001788|ACC_000309|ACC_001788,ACC_001788,A
CASE_000259,CLUSTER_0020,ACC_000760|ACC_000480|ACC_000775|ACC_000480,ACC_000480,A
CASE_000260,CLUSTER_0010,ACC_000550|ACC_001350|ACC_000052,ACC_000052,B
CASE_000261,CLUSTER_0005,ACC_001548|ACC_001592|ACC_001788|ACC_000820|ACC_001592,ACC_001592,A
CASE_000262,CLUSTER_0021,ACC_000345|ACC_000404|ACC_000659,ACC_000659,D
CASE_000263,CLUSTER_0008,ACC_001663|ACC_001507|ACC_001647,ACC_001647,B
CASE_000264,CLUSTER_0026,ACC_000596|ACC_001365|ACC_001629|ACC_001349|ACC_001238,ACC_001238,E
CASE_000265,CLUSTER_0024,ACC_001603|ACC_001178|ACC_001558|ACC_001178|ACC_000378,ACC_000378,D
CASE_000266,CLUSTER_0025,ACC_000244|ACC_001625|ACC_000093,ACC_000093,D
CASE_000267,CLUSTER_0021,ACC_001332|ACC_000659|ACC_000404,ACC_000404,B
CASE_000268,CLUSTER_0020,ACC_001274|ACC_000023|ACC_000480|ACC_000023,ACC_000023,B
CASE_000269,CLUSTER_0023,ACC_001205|ACC_000287|ACC_000267,ACC_000267,E
CASE_000270,CLUSTER_0020,ACC_001171|ACC_000480|ACC_000775|ACC_000023,ACC_000023,E
CASE_000271,CLUSTER_0024,ACC_001163|ACC_001085|ACC_001558,ACC_001558,B
CASE_000272,CLUSTER_0010,ACC_001320|ACC_000052|ACC_001350,ACC_001350,B
CASE_000273,CLUSTER_0010,ACC_001599|ACC_000052|ACC_001350,ACC_001350,A
CASE_000274,CLUSTER_0021,ACC_001787|ACC_000404|ACC_000659,ACC_000659,B
CASE_000275,CLUSTER_0010,ACC_001317|ACC_001350|ACC_000052,ACC_000052,A
CASE_000276,CLUSTER_0027,ACC_000212|ACC_001117|ACC_000694,ACC_000694,B
CASE_000277,CLUSTER_0010,ACC_000794|ACC_001350|ACC_000052,ACC_000052,A
CASE_000278,CLUSTER_0021,ACC_001632|ACC_000659|ACC_000404,ACC_000404,D
CASE_000279,CLUSTER_0023,ACC_001516|ACC_000287|ACC_000267|ACC_001335,ACC_001335,A
CASE_000280,CLUSTER_0012,ACC_000560|ACC_001308|ACC_000767|ACC_001308,ACC_001308,A
CASE_000281,CLUSTER_0021,ACC_000242|ACC_000659|ACC_000404,ACC_000404,A
CASE_000282,CLUSTER_0026,ACC_000962|ACC_001365|ACC_001238,ACC_001238,B
CASE_000283,CLUSTER_0026,ACC_000085|ACC_001349|ACC_001293|ACC_001365|ACC_001349,ACC_001349,B
CASE_000284,CLUSTER_0010,ACC_001185|ACC_001350|ACC_000052,ACC_000052,A
CASE_000285,CLUSTER_0008,ACC_000717|ACC_001647|ACC_001507,ACC_001507,B
CASE_000286,CLUSTER_0013,ACC_001576|ACC_001300|ACC_000011,ACC_000011,A
CASE_000287,CLUSTER_0005,ACC_000344|ACC_000820|ACC_001046,ACC_001046,A
CASE_000288,CLUSTER_0010,ACC_000929|ACC_001350|ACC_000052,ACC_000052,A
CASE_000289,CLUSTER_0015,ACC_001258|ACC_001050|ACC_001267,ACC_001267,B
CASE_000290,CLUSTER_0001,ACC_000898|ACC_000524|ACC_000068|ACC_000524,ACC_000524,A
CASE_000291,CLUSTER_0007,ACC_000727|ACC_001061|ACC_001327|ACC_001061|ACC_000092,ACC_000092,A
CASE_000292,CLUSTER_0026,ACC_000755|ACC_001293|ACC_001238,ACC_001238,A
CASE_000293,CLUSTER_0023,ACC_000680|ACC_000287|ACC_001335|ACC_000267,ACC_000267,D
CASE_000294,CLUSTER_0013,ACC_000245|ACC_001300|ACC_000011,ACC_000011,D
CASE_000295,CLUSTER_0008,ACC_000741|ACC_001507|ACC_001647,ACC_001647,D
CASE_000296,CLUSTER_0020,ACC_001215|ACC_000480|ACC_000023|ACC_000775,ACC_000775,B
CASE_000297,CLUSTER_0020,ACC_000937|ACC_000775|ACC_000023,ACC_000023,E
CASE_000298,CLUSTER_0012,ACC_001658|ACC_001308|ACC_000139,ACC_000139,B
CASE_000299,CLUSTER_0020,ACC_000800|ACC_000775|ACC_000480,ACC_000480,A
CASE_000300,CLUSTER_0018,ACC_001118|ACC_000489|ACC_000335|ACC_000118|ACC_000332,ACC_000332,D
CASE_000301,CLUSTER_0021,ACC_001384|ACC_000659|ACC_000404,ACC_000404,A
CASE_000302,CLUSTER_0017,ACC_000589|ACC_000819|ACC_001768,ACC_001768,D
CASE_000303,CLUSTER_0020,ACC_000721|ACC_000023|ACC_000480,ACC_000480,B
CASE_000304,CLUSTER_0008,ACC_000937|ACC_001647|ACC_001507,ACC_001507,B
CASE_000305,CLUSTER_0011,ACC_001536|ACC_000961|ACC_000190,ACC_000190,A
CASE_000306,CLUSTER_0019,ACC_001419|ACC_000753|ACC_001690|ACC_000753,ACC_000753,E
CASE_000307,CLUSTER_0020,ACC_000163|ACC_000023|ACC_000775,ACC_000775,A
CASE_000308,CLUSTER_0023,ACC_000599|ACC_000287|ACC_001335|ACC_000267,ACC_000267,A
CASE_000309,CLUSTER_0010,ACC_001163|ACC_000052|ACC_001350,ACC_001350,A
CASE_000310,CLUSTER_0023,ACC_001583|ACC_000287|ACC_000533|ACC_000366,ACC_000366,A
CASE_000311,CLUSTER_0019,ACC_001310|ACC_001690|ACC_000753,ACC_000753,A
CASE_000312,CLUSTER_0005,ACC_000064|ACC_000782|ACC_001046|ACC_000782,ACC_000782,B
CASE_000313,CLUSTER_0005,ACC_000896|ACC_001046|ACC_000820|ACC_000782|ACC_001046,ACC_001046,A
CASE_000314,CLUSTER_0020,ACC_001503|ACC_000023|ACC_000480|ACC_000775,ACC_000775,D
CASE_000315,CLUSTER_0021,ACC_000064|ACC_000404|ACC_000659,ACC_000659,D
CASE_000316,CLUSTER_0025,ACC_000576|ACC_001625|ACC_000093|ACC_001625,ACC_001625,D
CASE_000317,CLUSTER_0012,ACC_001465|ACC_000139|ACC_000767|ACC_000139,ACC_000139,E
CASE_000318,CLUSTER_0025,ACC_000700|ACC_000467|ACC_001625|ACC_000093|ACC_001625,ACC_001625,A
CASE_000319,CLUSTER_0010,ACC_000498|ACC_001350|ACC_000052,ACC_000052,A
CASE_000320,CLUSTER_0021,ACC_000872|ACC_000659|ACC_000404,ACC_000404,A
CASE_000321,CLUSTER_0010,ACC_000727|ACC_001350|ACC_000052,ACC_000052,A
CASE_000322,CLUSTER_0021,ACC_001101|ACC_000404|ACC_000659,ACC_000659,D
CASE_000323,CLUSTER_0012,ACC_001522|ACC_000767|ACC_001308|ACC_000767,ACC_000767,A
CASE_000324,CLUSTER_0015,ACC_000049|ACC_001050|ACC_001267,ACC_001267,B
CASE_000325,CLUSTER_0021,ACC_000541|ACC_000659|ACC_000404,ACC_000404,A
CASE_000326,CLUSTER_0020,ACC_001140|ACC_000023|ACC_000480|ACC_000023,ACC_000023,A
CASE_000327,CLUSTER_0008,ACC_001473|ACC_001647|ACC_001507,ACC_001507,A
CASE_000328,CLUSTER_0021,ACC_000163|ACC_000659|ACC_000404,ACC_000404,A
CASE_000329,CLUSTER_0020,ACC_001136|ACC_000480|ACC_000023,ACC_000023,B
CASE_000330,CLUSTER_0023,ACC_001658|ACC_001335|ACC_000533,ACC_000533,A
CASE_000331,CLUSTER_0025,ACC_001661|ACC_001288|ACC_000467|ACC_000093|ACC_001625,ACC_001625,D
CASE_000332,CLUSTER_0010,ACC_001098|ACC_000052|ACC_001350,ACC_001350,A
CASE_000333,CLUSTER_0021,ACC_001375|ACC_000659|ACC_000404,ACC_000404,A
CASE_000334,CLUSTER_0013,ACC_001640|ACC_001300|ACC_000011,ACC_000011,D
CASE_000335,CLUSTER_0012,ACC_001642|ACC_000139|ACC_000767|ACC_001308,ACC_001308,B
CASE_000336,CLUSTER_0023,ACC_001562|ACC_000287|ACC_000366|ACC_001335|ACC_000267,ACC_000267,D
CASE_000337,CLUSTER_0020,ACC_001757|ACC_000480|ACC_000023|ACC_000775,ACC_000775,D
CASE_000338,CLUSTER_0025,ACC_001070|ACC_000093|ACC_001288,ACC_001288,D
CASE_000339,CLUSTER_0012,ACC_000824|ACC_001308|ACC_000767|ACC_000139,ACC_000139,A
CASE_000340,CLUSTER_0010,ACC_000194|ACC_001350|ACC_000052,ACC_000052,A
CASE_000341,CLUSTER_0020,ACC_001391|ACC_000023|ACC_000775|ACC_000480,ACC_000480,B
CASE_000342,CLUSTER_0023,ACC_000806|ACC_001335|ACC_000533|ACC_001335,ACC_001335,D
CASE_000343,CLUSTER_0020,ACC_000036|ACC_000023|ACC_000775,ACC_000775,A
CASE_000344,CLUSTER_0017,ACC_000289|ACC_001768|ACC_000819,ACC_000819,B
CASE_000345,CLUSTER_0021,ACC_001717|ACC_000404|ACC_000659,ACC_000659,E
CASE_000346,CLUSTER_0020,ACC_001051|ACC_000480|ACC_000023|ACC_000775,ACC_000775,E
CASE_000347,CLUSTER_0021,ACC_001563|ACC_000404|ACC_000659,ACC_000659,B
CASE_000348,CLUSTER_0023,ACC_001179|ACC_000366|ACC_000287,ACC_000287,D
CASE_000349,CLUSTER_0027,ACC_000560|ACC_000880|ACC_000694,ACC_000694,E
CASE_000350,CLUSTER_0012,ACC_000675|ACC_001308|ACC_000767|ACC_001308,ACC_001308,A
CASE_000351,CLUSTER_0021,ACC_000993|ACC_000659|ACC_000404,ACC_000404,D
CASE_000352,CLUSTER_0021,ACC_000588|ACC_000404|ACC_000659,ACC_000659,B
CASE_000353,CLUSTER_0012,ACC_000427|ACC_000139|ACC_001308|ACC_000139,ACC_000139,A
CASE_000354,CLUSTER_0026,ACC_000702|ACC_001349|ACC_001238|ACC_001349,ACC_001349,B
CASE_000355,CLUSTER_0023,ACC_000941|ACC_000366|ACC_000533|ACC_000267,ACC_000267,B
CASE_000356,CLUSTER_0011,ACC_001030|ACC_000961|ACC_000190,ACC_000190,D
CASE_000357,CLUSTER_0027,ACC_001370|ACC_000652|ACC_001117|ACC_000880,ACC_000880,A
CASE_000358,CLUSTER_0011,ACC_000098|ACC_000190|ACC_000961,ACC_000961,B
CASE_000359,CLUSTER_0012,ACC_000228|ACC_000139|ACC_000767|ACC_000139,ACC_000139,B
CASE_000360,CLUSTER_0001,ACC_001205|ACC_000524|ACC_000091|ACC_000068,ACC_000068,D
CASE_000361,CLUSTER_0008,ACC_000246|ACC_001647|ACC_001507,ACC_001507,B
CASE_000362,CLUSTER_0008,ACC_000150|ACC_001647|ACC_001507,ACC_001507,D
CASE_000363,CLUSTER_0025,ACC_000316|ACC_000467|ACC_001625|ACC_000093|ACC_000467,ACC_000467,D
CASE_000364,CLUSTER_0025,ACC_001732|ACC_000093|ACC_000467|ACC_001288|ACC_000467,ACC_000467,D
CASE_000365,CLUSTER_0021,ACC_000477|ACC_000404|ACC_000659,ACC_000659,E
CASE_000366,CLUSTER_0015,ACC_001275|ACC_001050|ACC_001267,ACC_001267,E
CASE_000367,CLUSTER_0023,ACC_001502|ACC_000533|ACC_001335|ACC_000533|ACC_001335,ACC_001335,A
CASE_000368,CLUSTER_0020,ACC_000220|ACC_000775|ACC_000023|ACC_000480,ACC_000480,B
CASE_000369,CLUSTER_0026,ACC_000968|ACC_001349|ACC_001293|ACC_001349|ACC_001293,ACC_001293,E
CASE_000370,CLUSTER_0005,ACC_001447|ACC_000820|ACC_001788|ACC_000782|ACC_000820,ACC_000820,B
CASE_000371,CLUSTER_0001,ACC_001287|ACC_000091|ACC_000524|ACC_000068,ACC_000068,B
CASE_000372,CLUSTER_0015,ACC_000490|ACC_001050|ACC_001267,ACC_001267,B
CASE_000373,CLUSTER_0025,ACC_001074|ACC_001288|ACC_000467,ACC_000467,D
CASE_000374,CLUSTER_0022,ACC_000826|ACC_000491|ACC_001039,ACC_001039,B
CASE_000375,CLUSTER_0013,ACC_000134|ACC_001300|ACC_000011,ACC_000011,D
CASE_000376,CLUSTER_0008,ACC_001160|ACC_001647|ACC_001507,ACC_001507,B
CASE_000377,CLUSTER_0020,ACC_000270|ACC_000775|ACC_000023|ACC_000480,ACC_000480,B
CASE_000378,CLUSTER_0020,ACC_000135|ACC_000023|ACC_000775,ACC_000775,A
CASE_000379,CLUSTER_0005,ACC_000196|ACC_000782|ACC_001788,ACC_001788,A
CASE_000380,CLUSTER_0025,ACC_001245|ACC_000093|ACC_000467|ACC_001625|ACC_000467,ACC_000467,A
CASE_000381,CLUSTER_0023,ACC_000246|ACC_000267|ACC_000366|ACC_000267,ACC_000267,E
CASE_000382,CLUSTER_0020,ACC_000649|ACC_000775|ACC_000480,ACC_000480,E
CASE_000383,CLUSTER_0010,ACC_000357|ACC_001350|ACC_000052,ACC_000052,A
CASE_000384,CLUSTER_0020,ACC_000906|ACC_000480|ACC_000775,ACC_000775,B
CASE_000385,CLUSTER_0021,ACC_000263|ACC_000404|ACC_000659,ACC_000659,B
CASE_000386,CLUSTER_0025,ACC_001077|ACC_000467|ACC_001625,ACC_001625,D
CASE_000387,CLUSTER_0012,ACC_001653|ACC_001308|ACC_000139|ACC_001308,ACC_001308,A
CASE_000388,CLUSTER_0023,ACC_001566|ACC_000533|ACC_000287|ACC_000533|ACC_001335,ACC_001335,D
CASE_000389,CLUSTER_0020,ACC_000171|ACC_000775|ACC_000023,ACC_000023,E
CASE_000390,CLUSTER_0005,ACC_000321|ACC_001788|ACC_001592,ACC_001592,A
CASE_000391,CLUSTER_0023,ACC_001641|ACC_000366|ACC_000267,ACC_000267,D
CASE_000392,CLUSTER_0020,ACC_000385|ACC_000480|ACC_000775,ACC_000775,D
CASE_000393,CLUSTER_0005,ACC_000791|ACC_000309|ACC_000782|ACC_001046,ACC_001046,A
CASE_000394,CLUSTER_0022,ACC_000901|ACC_001039|ACC_001114,ACC_001114,A
CASE_000395,CLUSTER_0020,ACC_001266|ACC_000480|ACC_000775|ACC_000023,ACC_000023,B
CASE_000396,CLUSTER_0015,ACC_000069|ACC_001050|ACC_001267,ACC_001267,D
CASE_000397,CLUSTER_0008,ACC_001738|ACC_001507|ACC_001647,ACC_001647,B
CASE_000398,CLUSTER_0025,ACC_001109|ACC_000467|ACC_000093|ACC_001288,ACC_001288,A
CASE_000399,CLUSTER_0025,ACC_000021|ACC_000093|ACC_001625|ACC_001288|ACC_001625,ACC_001625,D
CASE_000400,CLUSTER_0025,ACC_001229|ACC_001288|ACC_000093|ACC_000467|ACC_001288,ACC_001288,D
CASE_000401,CLUSTER_0021,ACC_000700|ACC_000404|ACC_000659,ACC_000659,D
CASE_000402,CLUSTER_0006,ACC_000559|ACC_000342|ACC_001150|ACC_000342|ACC_001133,ACC_001133,A
CASE_000403,CLUSTER_0021,ACC_000645|ACC_000404|ACC_000659,ACC_000659,A
CASE_000404,CLUSTER_0025,ACC_000806|ACC_001288|ACC_000467|ACC_001625,ACC_001625,D
CASE_000405,CLUSTER_0027,ACC_000471|ACC_000694|ACC_000652|ACC_001117|ACC_000652,ACC_000652,D
CASE_000406,CLUSTER_0020,ACC_001373|ACC_000775|ACC_000480|ACC_000023,ACC_000023,B
CASE_000407,CLUSTER_0013,ACC_000065|ACC_000011|ACC_001300,ACC_001300,B
CASE_000408,CLUSTER_0018,ACC_001182|ACC_000335|ACC_000473|ACC_000836,ACC_000836,B
CASE_000409,CLUSTER_0020,ACC_000984|ACC_000480|ACC_000775|ACC_000023,ACC_000023,A
CASE_000410,CLUSTER_0025,ACC_000337|ACC_001288|ACC_001625,ACC_001625,A
CASE_000411,CLUSTER_0025,ACC_000897|ACC_000467|ACC_001625|ACC_000093,ACC_000093,A
CASE_000412,CLUSTER_0011,ACC_001720|ACC_000961|ACC_000190,ACC_000190,A
CASE_000413,CLUSTER_0012,ACC_001095|ACC_000139|ACC_001308|ACC_000767,ACC_000767,A
CASE_000414,CLUSTER_0025,ACC_000974|ACC_000467|ACC_001288|ACC_001625|ACC_000093,ACC_000093,D
CASE_000415,CLUSTER_0019,ACC_000872|ACC_001690|ACC_000753|ACC_001690,ACC_001690,E
CASE_000416,CLUSTER_0012,ACC_001081|ACC_000139|ACC_000767,ACC_000767,B
CASE_000417,CLUSTER_0008,ACC_001052|ACC_001507|ACC_001647,ACC_001647,B
CASE_000418,CLUSTER_0010,ACC_001127|ACC_000052|ACC_001350,ACC_001350,A
CASE_000419,CLUSTER_0013,ACC_001717|ACC_001300|ACC_000011,ACC_000011,D
CASE_000420,CLUSTER_0005,ACC_000590|ACC_000309|ACC_001046,ACC_001046,B
CASE_000421,CLUSTER_0026,ACC_000049|ACC_001349|ACC_001293|ACC_001238,ACC_001238,A
CASE_000422,CLUSTER_0020,ACC_000043|ACC_000480|ACC_000775|ACC_000480,ACC_000480,B
CASE_000423,CLUSTER_0025,ACC_001310|ACC_001625|ACC_000467|ACC_001288|ACC_001625,ACC_001625,A
CASE_000424,CLUSTER_0017,ACC_001752|ACC_001768|ACC_000819,ACC_000819,A
CASE_000425,CLUSTER_0026,ACC_000967|ACC_001293|ACC_001238,ACC_001238,B
CASE_000426,CLUSTER_0017,ACC_000327|ACC_001768|ACC_000819|ACC_001296,ACC_001296,A
CASE_000427,CLUSTER_0015,ACC_000416|ACC_001267|ACC_001050,ACC_001050,E
CASE_000428,CLUSTER_0023,ACC_001648|ACC_000366|ACC_001335,ACC_001335,B
CASE_000429,CLUSTER_0020,ACC_000783|ACC_000480|ACC_000775|ACC_000480,ACC_000480,E
CASE_000430,CLUSTER_0013,ACC_000896|ACC_000011|ACC_001300,ACC_001300,D
CASE_000431,CLUSTER_0001,ACC_001641|ACC_000524|ACC_000068|ACC_000091,ACC_000091,A
CASE_000432,CLUSTER_0008,ACC_001101|ACC_001507|ACC_001647,ACC_001647,B
CASE_000433,CLUSTER_0012,ACC_001562|ACC_000767|ACC_001308,ACC_001308,A
CASE_000434,CLUSTER_0008,ACC_000681|ACC_001647|ACC_001507,ACC_001507,A
CASE_000435,CLUSTER_0020,ACC_001316|ACC_000775|ACC_000023|ACC_000480,ACC_000480,B
CASE_000436,CLUSTER_0013,ACC_000924|ACC_000011|ACC_001300,ACC_001300,D
CASE_000437,CLUSTER_0023,ACC_001503|ACC_000267|ACC_001335,ACC_001335,B
CASE_000438,CLUSTER_0020,ACC_000482|ACC_000480|ACC_000775,ACC_000775,B
CASE_000439,CLUSTER_0010,ACC_000877|ACC_000052|ACC_001350,ACC_001350,B
CASE_000440,CLUSTER_0017,ACC_001653|ACC_001768|ACC_001296,ACC_001296,B
CASE_000441,CLUSTER_0023,ACC_001391|ACC_000533|ACC_000267|ACC_000533,ACC_000533,D
CASE_000442,CLUSTER_0020,ACC_001359|ACC_000775|ACC_000023|ACC_000480,ACC_000480,A
CASE_000443,CLUSTER_0017,ACC_000134|ACC_000819|ACC_001768,ACC_001768,A
CASE_000444,CLUSTER_0013,ACC_000493|ACC_000011|ACC_001300,ACC_001300,D
CASE_000445,CLUSTER_0023,ACC_000840|ACC_000533|ACC_000287|ACC_000366,ACC_000366,E
CASE_000446,CLUSTER_0023,ACC_000727|ACC_000366|ACC_001335,ACC_001335,B
CASE_000447,CLUSTER_0021,ACC_000926|ACC_000659|ACC_000404,ACC_000404,A
CASE_000448,CLUSTER_0020,ACC_001442|ACC_000775|ACC_000023|ACC_000775,ACC_000775,A
CASE_000449,CLUSTER_0013,ACC_001229|ACC_001300|ACC_000011,ACC_000011,D
CASE_000450,CLUSTER_0023,ACC_000159|ACC_000267|ACC_000287,ACC_000287,E
CASE_000451,CLUSTER_0025,ACC_000166|ACC_001288|ACC_000093|ACC_001288,ACC_001288,A
CASE_000452,CLUSTER_0009,ACC_001502|ACC_000445|ACC_000420|ACC_000445,ACC_000445,B
CASE_000453,CLUSTER_0025,ACC_000069|ACC_000467|ACC_000093|ACC_001288,ACC_001288,D
CASE_000454,CLUSTER_0012,ACC_000647|ACC_001308|ACC_000767|ACC_001308,ACC_001308,A
CASE_000455,CLUSTER_0010,ACC_001682|ACC_000052|ACC_001350,ACC_001350,A
CASE_000456,CLUSTER_0021,ACC_000368|ACC_000404|ACC_000659,ACC_000659,B
CASE_000457,CLUSTER_0017,ACC_001567|ACC_000819|ACC_001296|ACC_000819,ACC_000819,B
CASE_000458,CLUSTER_0027,ACC_001667|ACC_001117|ACC_000880|ACC_000652,ACC_000652,D
CASE_000459,CLUSTER_0017,ACC_000433|ACC_001768|ACC_001296|ACC_000819,ACC_000819,E
CASE_000460,CLUSTER_0021,ACC_001517|ACC_000659|ACC_000404,ACC_000404,E
CASE_000461,CLUSTER_0010,ACC_001159|ACC_001350|ACC_000052,ACC_000052,E
CASE_000462,CLUSTER_0017,ACC_001766|ACC_001296|ACC_001768,ACC_001768,A
CASE_000463,CLUSTER_0022,ACC_000019|ACC_001114|ACC_001709,ACC_001709,B
CASE_000464,CLUSTER_0008,ACC_000965|ACC_001647|ACC_001507,ACC_001507,B
CASE_000465,CLUSTER_0020,ACC_000263|ACC_000480|ACC_000023,ACC_000023,B
CASE_000466,CLUSTER_0026,ACC_000363|ACC_001365|ACC_001238|ACC_001293,ACC_001293,B
CASE_000467,CLUSTER_0012,ACC_001642|ACC_000139|ACC_000767,ACC_000767,A
CASE_000468,CLUSTER_0021,ACC_000717|ACC_000659|ACC_000404,ACC_000404,B
CASE_000469,CLUSTER_0021,ACC_000702|ACC_000659|ACC_000404,ACC_000404,D
CASE_000470,CLUSTER_0025,ACC_001717|ACC_001288|ACC_000467|ACC_000093|ACC_000467,ACC_000467,D
CASE_000471,CLUSTER_0010,ACC_000361|ACC_001350|ACC_000052,ACC_000052,A
CASE_000472,CLUSTER_0023,ACC_000133|ACC_000533|ACC_000267,ACC_000267,D
CASE_000473,CLUSTER_0020,ACC_000599|ACC_000775|ACC_000023|ACC_000480,ACC_000480,A
CASE_000474,CLUSTER_0020,ACC_001732|ACC_000023|ACC_000775,ACC_000775,B
CASE_000475,CLUSTER_0021,ACC_001063|ACC_000659|ACC_000404,ACC_000404,D
CASE_000476,CLUSTER_0023,ACC_000598|ACC_000366|ACC_000287|ACC_000267,ACC_000267,B
CASE_000477,CLUSTER_0023,ACC_001408|ACC_000287|ACC_000533|ACC_000287|ACC_000366,ACC_000366,A
CASE_000478,CLUSTER_0005,ACC_001084|ACC_001592|ACC_001788|ACC_001046|ACC_001592,ACC_001592,A
CASE_000479,CLUSTER_0020,ACC_000840|ACC_000480|ACC_000023|ACC_000775,ACC_000775,A
CASE_000480,CLUSTER_0021,ACC_000014|ACC_000404|ACC_000659,ACC_000659,B
CASE_000481,CLUSTER_0001,ACC_000687|ACC_000524|ACC_000068|ACC_000524,ACC_000524,A
CASE_000482,CLUSTER_0012,ACC_000065|ACC_001308|ACC_000139,ACC_000139,A
CASE_000483,CLUSTER_0008,ACC_000901|ACC_001647|ACC_001507,ACC_001507,E
CASE_000484,CLUSTER_0013,ACC_000940|ACC_000011|ACC_001300,ACC_001300,D
CASE_000485,CLUSTER_0023,ACC_001263|ACC_000366|ACC_000533|ACC_000287|ACC_000267,ACC_000267,A
CASE_000486,CLUSTER_0023,ACC_001644|ACC_000533|ACC_000287|ACC_000533,ACC_000533,D
CASE_000487,CLUSTER_0021,ACC_001632|ACC_000659|ACC_000404,ACC_000404,D
CASE_000488,CLUSTER_0010,ACC_000717|ACC_000052|ACC_001350,ACC_001350,B
CASE_000489,CLUSTER_0023,ACC_000815|ACC_001335|ACC_000366|ACC_000267,ACC_000267,A
CASE_000490,CLUSTER_0023,ACC_000594|ACC_000267|ACC_000533,ACC_000533,E
CASE_000491,CLUSTER_0005,ACC_000844|ACC_001788|ACC_001046,ACC_001046,A
CASE_000492,CLUSTER_0020,ACC_000227|ACC_000023|ACC_000775,ACC_000775,B
CASE_000493,CLUSTER_0020,ACC_001767|ACC_000480|ACC_000023|ACC_000775,ACC_000775,B
CASE_000494,CLUSTER_0021,ACC_001695|ACC_000404|ACC_000659,ACC_000659,A
CASE_000495,CLUSTER_0023,ACC_001136|ACC_000287|ACC_001335,ACC_001335,D
CASE_000496,CLUSTER_0006,ACC_000806|ACC_000342|ACC_001065|ACC_001133|ACC_001150,ACC_001150,D
CASE_000497,CLUSTER_0012,ACC_001303|ACC_000139|ACC_000767|ACC_000139,ACC_000139,A
CASE_000498,CLUSTER_0025,ACC_000134|ACC_001625|ACC_001288,ACC_001288,B
CASE_000499,CLUSTER_0020,ACC_000350|ACC_000023|ACC_000480,ACC_000480,B
CASE_000500,CLUSTER_0024,ACC_001474|ACC_000709|ACC_000378|ACC_001178|ACC_000709,ACC_000709,A
CASE_000501,CLUSTER_0012,ACC_001425|ACC_000767|ACC_000139|ACC_001308,ACC_001308,A
CASE_000502,CLUSTER_0025,ACC_000625|ACC_001288|ACC_001625|ACC_000467,ACC_000467,D
CASE_000503,CLUSTER_0019,ACC_000406|ACC_000753|ACC_001690|ACC_000932,ACC_000932,A
CASE_000504,CLUSTER_0020,ACC_000199|ACC_000480|ACC_000775|ACC_000480,ACC_000480,B
CASE_000505,CLUSTER_0012,ACC_000069|ACC_000767|ACC_000139|ACC_000767,ACC_000767,A
CASE_000506,CLUSTER_0023,ACC_000042|ACC_000287|ACC_000366,ACC_000366,A
CASE_000507,CLUSTER_0023,ACC_000967|ACC_000366|ACC_000287|ACC_000533,ACC_000533,A
CASE_000508,CLUSTER_0025,ACC_001442|ACC_001288|ACC_000093|ACC_000467|ACC_000093,ACC_000093,D
CASE_000509,CLUSTER_0017,ACC_001633|ACC_000819|ACC_001768,ACC_001768,D
CASE_000510,CLUSTER_0024,ACC_000942|ACC_001178|ACC_001558,ACC_001558,B
CASE_000511,CLUSTER_0017,ACC_001066|ACC_001296|ACC_001768|ACC_000819,ACC_000819,D
CASE_000512,CLUSTER_0013,ACC_000800|ACC_000011|ACC_001300,ACC_001300,D
CASE_000513,CLUSTER_0027,ACC_000791|ACC_000652|ACC_000880,ACC_000880,B
CASE_000514,CLUSTER_0012,ACC_001024|ACC_001308|ACC_000139,ACC_000139,A
CASE_000515,CLUSTER_0010,ACC_001128|ACC_001350|ACC_000052,ACC_000052,A
CASE_000516,CLUSTER_0020,ACC_001338|ACC_000023|ACC_000480|ACC_000775,ACC_000775,B
CASE_000517,CLUSTER_0023,ACC_000032|ACC_001335|ACC_000287,ACC_000287,A
CASE_000518,CLUSTER_0010,ACC_000406|ACC_000052|ACC_001350,ACC_001350,A
CASE_000519,CLUSTER_0023,ACC_000268|ACC_000267|ACC_000533,ACC_000533,D
CASE_000520,CLUSTER_0026,ACC_001012|ACC_001238|ACC_001293|ACC_001349,ACC_001349,E
CASE_000521,CLUSTER_0020,ACC_000865|ACC_000775|ACC_000023|ACC_000480,ACC_000480,B
CASE_000522,CLUSTER_0026,ACC_001375|ACC_001365|ACC_001349|ACC_001238|ACC_001365,ACC_001365,E
CASE_000523,CLUSTER_0010,ACC_001502|ACC_000052|ACC_001350,ACC_001350,A
CASE_000524,CLUSTER_0020,ACC_000216|ACC_000775|ACC_000023,ACC_000023,A
CASE_000525,CLUSTER_0025,ACC_000903|ACC_000467|ACC_001288|ACC_000467,ACC_000467,D
CASE_000526,CLUSTER_0019,ACC_001401|ACC_001690|ACC_000932,ACC_000932,A
CASE_000527,CLUSTER_0025,ACC_001312|ACC_001288|ACC_000093,ACC_000093,D
CASE_000528,CLUSTER_0021,ACC_001110|ACC_000404|ACC_000659,ACC_000659,D
CASE_000529,CLUSTER_0012,ACC_001139|ACC_001308|ACC_000767|ACC_000139,ACC_000139,A
CASE_000530,CLUSTER_0025,ACC_000901|ACC_001625|ACC_000093|ACC_001288,ACC_001288,D
CASE_000531,CLUSTER_0015,ACC_000548|ACC_001267|ACC_001050,ACC_001050,E
CASE_000532,CLUSTER_0005,ACC_000965|ACC_001046|ACC_000782|ACC_001592,ACC_001592,A
CASE_000533,CLUSTER_0012,ACC_000747|ACC_000767|ACC_001308,ACC_001308,A
CASE_000534,CLUSTER_0023,ACC_000223|ACC_000287|ACC_001335,ACC_001335,B
CASE_000535,CLUSTER_0023,ACC_001123|ACC_000366|ACC_000267,ACC_000267,E
CASE_000536,CLUSTER_0021,ACC_000569|ACC_000404|ACC_000659,ACC_000659,D
CASE_000537,CLUSTER_0008,ACC_000286|ACC_001647|ACC_001507,ACC_001507,B
CASE_000538,CLUSTER_0023,ACC_001549|ACC_000267|ACC_000366,ACC_000366,B
CASE_000539,CLUSTER_0021,ACC_001163|ACC_000404|ACC_000659,ACC_000659,D
CASE_000540,CLUSTER_0010,ACC_001404|ACC_001350|ACC_000052,ACC_000052,B
CASE_000541,CLUSTER_0017,ACC_001572|ACC_000819|ACC_001296,ACC_001296,E
CASE_000542,CLUSTER_0013,ACC_001536|ACC_001300|ACC_000011,ACC_000011,E
CASE_000543,CLUSTER_0023,ACC_000954|ACC_000287|ACC_000366|ACC_000533,ACC_000533,A
CASE_000544,CLUSTER_0017,ACC_000178|ACC_000819|ACC_001768,ACC_001768,B
CASE_000545,CLUSTER_0022,ACC_001480|ACC_001039|ACC_001606|ACC_000491|ACC_001709,ACC_001709,A
CASE_000546,CLUSTER_0025,ACC_000929|ACC_001288|ACC_000467|ACC_000093,ACC_000093,A
CASE_000547,CLUSTER_0017,ACC_000405|ACC_000819|ACC_001768,ACC_001768,D
CASE_000548,CLUSTER_0025,ACC_001014|ACC_000093|ACC_001625|ACC_000467|ACC_000093,ACC_000093,A
CASE_000549,CLUSTER_0013,ACC_000235|ACC_000011|ACC_001300,ACC_001300,D
CASE_000550,CLUSTER_0013,ACC_001236|ACC_000011|ACC_001300,ACC_001300,D
CASE_000551,CLUSTER_0010,ACC_001403|ACC_001350|ACC_000052,ACC_000052,A
CASE_000552,CLUSTER_0023,ACC_000954|ACC_000287|ACC_000267|ACC_000533,ACC_000533,A
CASE_000553,CLUSTER_0023,ACC_000347|ACC_000287|ACC_000267,ACC_000267,E
CASE_000554,CLUSTER_0010,ACC_000482|ACC_001350|ACC_000052,ACC_000052,A
CASE_000555,CLUSTER_0025,ACC_000159|ACC_000093|ACC_001625,ACC_001625,D
CASE_000556,CLUSTER_0015,ACC_000330|ACC_001267|ACC_001050,ACC_001050,A
CASE_000557,CLUSTER_0021,ACC_000021|ACC_000404|ACC_000659,ACC_000659,A
CASE_000558,CLUSTER_0025,ACC_000482|ACC_001625|ACC_000467,ACC_000467,D
CASE_000559,CLUSTER_0020,ACC_001536|ACC_000775|ACC_000023|ACC_000480,ACC_000480,B
CASE_000560,CLUSTER_0025,ACC_000071|ACC_000093|ACC_001625|ACC_000093|ACC_000467,ACC_000467,A
CASE_000561,CLUSTER_0023,ACC_000363|ACC_000287|ACC_001335|ACC_000533|ACC_000267,ACC_000267,A
CASE_000562,CLUSTER_0015,ACC_000212|ACC_001267|ACC_001050,ACC_001050,A
CASE_000563,CLUSTER_0017,ACC_000758|ACC_001296|ACC_001768|ACC_001296,ACC_001296,A
CASE_000564,CLUSTER_0021,ACC_000589|ACC_000404|ACC_000659,ACC_000659,E
CASE_000565,CLUSTER_0025,ACC_000269|ACC_001288|ACC_001625|ACC_001288|ACC_000093,ACC_000093,D
CASE_000566,CLUSTER_0027,ACC_000854|ACC_000652|ACC_001117,ACC_001117,A
CASE_000567,CLUSTER_0010,ACC_000661|ACC_001350|ACC_000052,ACC_000052,A
CASE_000568,CLUSTER_0021,ACC_000806|ACC_000659|ACC_000404,ACC_000404,A
CASE_000569,CLUSTER_0025,ACC_001474|ACC_001288|ACC_001625|ACC_000467|ACC_001625,ACC_001625,A
CASE_000570,CLUSTER_0012,ACC_001730|ACC_000767|ACC_001308,ACC_001308,A
CASE_000571,CLUSTER_0020,ACC_001264|ACC_000775|ACC_000023|ACC_000775,ACC_000775,E
CASE_000572,CLUSTER_0023,ACC_001398|ACC_001335|ACC_000366|ACC_000287,ACC_000287,D
CASE_000573,CLUSTER_0019,ACC_001627|ACC_000932|ACC_000753|ACC_001690,ACC_001690,A
CASE_000574,CLUSTER_0010,ACC_000163|ACC_001350|ACC_000052,ACC_000052,A
CASE_000575,CLUSTER_0010,ACC_000936|ACC_001350|ACC_000052,ACC_000052,B
CASE_000576,CLUSTER_0020,ACC_001051|ACC_000023|ACC_000775|ACC_000480,ACC_000480,B
CASE_000577,CLUSTER_0027,ACC_001538|ACC_000880|ACC_000652|ACC_000694,ACC_000694,E
CASE_000578,CLUSTER_0008,ACC_001245|ACC_001507|ACC_001647,ACC_001647,A
CASE_000579,CLUSTER_0020,ACC_001258|ACC_000480|ACC_000023|ACC_000480,ACC_000480,E
CASE_000580,CLUSTER_0008,ACC_001170|ACC_001507|ACC_001647,ACC_001647,A
CASE_000581,CLUSTER_0023,ACC_000955|ACC_000366|ACC_000287|ACC_000267|ACC_001335,ACC_001335,D
CASE_000582,CLUSTER_0024,ACC_001266|ACC_001178|ACC_000709|ACC_000378,ACC_000378,B
CASE_000583,CLUSTER_0023,ACC_000126|ACC_000533|ACC_000267|ACC_001335|ACC_000287,ACC_000287,D
CASE_000584,CLUSTER_0021,ACC_001261|ACC_000404|ACC_000659,ACC_000659,A
CASE_000585,CLUSTER_0025,ACC_000895|ACC_001288|ACC_000093|ACC_001288|ACC_000093,ACC_000093,E
CASE_000586,CLUSTER_0023,ACC_000902|ACC_000533|ACC_001335|ACC_000267|ACC_000366,ACC_000366,A
CASE_000587,CLUSTER_0021,ACC_000830|ACC_000659|ACC_000404,ACC_000404,B
CASE_000588,CLUSTER_0023,ACC_001757|ACC_000533|ACC_001335|ACC_000267,ACC_000267,B
CASE_000589,CLUSTER_0008,ACC_001599|ACC_001647|ACC_001507,ACC_001507,D
CASE_000590,CLUSTER_0013,ACC_001182|ACC_000011|ACC_001300,ACC_001300,D
CASE_000591,CLUSTER_0021,ACC_000811|ACC_000404|ACC_000659,ACC_000659,D
CASE_000592,CLUSTER_0023,ACC_001778|ACC_000267|ACC_001335|ACC_000267|ACC_000287,ACC_000287,A
CASE_000593,CLUSTER_0010,ACC_000124|ACC_000052|ACC_001350,ACC_001350,A
CASE_000594,CLUSTER_0013,ACC_000730|ACC_000011|ACC_001300,ACC_001300,D
CASE_000595,CLUSTER_0017,ACC_000133|ACC_000819|ACC_001768,ACC_001768,B
CASE_000596,CLUSTER_0025,ACC_000032|ACC_000467|ACC_001288|ACC_000467|ACC_001288,ACC_001288,D
CASE_000597,CLUSTER_0015,ACC_001144|ACC_001267|ACC_001050,ACC_001050,B
CASE_000598,CLUSTER_0010,ACC_001586|ACC_001350|ACC_000052,ACC_000052,A
CASE_000599,CLUSTER_0025,ACC_000656|ACC_001288|ACC_001625|ACC_000467,ACC_000467,D
CASE_000600,CLUSTER_0015,ACC_001232|ACC_001050|ACC_001267,ACC_001267,D
CASE_000601,CLUSTER_0025,ACC_000518|ACC_000467|ACC_001625|ACC_000467|ACC_001625,ACC_001625,A
CASE_000602,CLUSTER_0008,ACC_000541|ACC_001507|ACC_001647,ACC_001647,D
CASE_000603,CLUSTER_0025,ACC_001140|ACC_000467|ACC_001625,ACC_001625,A
CASE_000604,CLUSTER_0026,ACC_001332|ACC_001238|ACC_001365|ACC_001349,ACC_001349,A
CASE_000605,CLUSTER_0012,ACC_000791|ACC_001308|ACC_000139,ACC_000139,A
CASE_000606,CLUSTER_0005,ACC_000902|ACC_001046|ACC_000820|ACC_000782,ACC_000782,A
CASE_000607,CLUSTER_0015,ACC_001466|ACC_001050|ACC_001267,ACC_001267,B
CASE_000608,CLUSTER_0012,ACC_001258|ACC_000139|ACC_001308|ACC_000139,ACC_000139,A
CASE_000609,CLUSTER_0023,ACC_001789|ACC_000267|ACC_000533|ACC_000267|ACC_000533,ACC_000533,D
CASE_000610,CLUSTER_0005,ACC_001766|ACC_001788|ACC_000782|ACC_001592|ACC_001788,ACC_001788,D
CASE_000611,CLUSTER_0008,ACC_000643|ACC_001507|ACC_001647,ACC_001647,B
CASE_000612,CLUSTER_0021,ACC_000934|ACC_000404|ACC_000659,ACC_000659,A
CASE_000613,CLUSTER_0024,ACC_001274|ACC_000378|ACC_001558,ACC_001558,B
CASE_000614,CLUSTER_0005,ACC_000450|ACC_000309|ACC_001046|ACC_000309|ACC_000782,ACC_000782,A
CASE_000615,CLUSTER_0012,ACC_000515|ACC_001308|ACC_000139|ACC_001308,ACC_001308,A
CASE_000616,CLUSTER_0021,ACC_001589|ACC_000659|ACC_000404,ACC_000404,D
CASE_000617,CLUSTER_0012,ACC_000865|ACC_000139|ACC_001308|ACC_000139,ACC_000139,E
CASE_000618,CLUSTER_0021,ACC_000336|ACC_000659|ACC_000404,ACC_000404,B
CASE_000619,CLUSTER_0021,ACC_001658|ACC_000659|ACC_000404,ACC_000404,B
CASE_000620,CLUSTER_0020,ACC_001204|ACC_000480|ACC_000023|ACC_000775,ACC_000775,B
CASE_000621,CLUSTER_0023,ACC_000730|ACC_000533|ACC_001335|ACC_000267|ACC_000287,ACC_000287,A
CASE_000622,CLUSTER_0007,ACC_001162|ACC_001061|ACC_001327|ACC_001505,ACC_001505,A
CASE_000623,CLUSTER_0008,ACC_000160|ACC_001507|ACC_001647,ACC_001647,D
CASE_000624,CLUSTER_0010,ACC_000953|ACC_000052|ACC_001350,ACC_001350,D
CASE_000625,CLUSTER_0026,ACC_000576|ACC_001365|ACC_001293,ACC_001293,E
CASE_000626,CLUSTER_0012,ACC_000774|ACC_000139|ACC_000767|ACC_001308,ACC_001308,A
CASE_000627,CLUSTER_0015,ACC_001473|ACC_001267|ACC_001050,ACC_001050,B
CASE_000628,CLUSTER_0012,ACC_000252|ACC_000767|ACC_001308|ACC_000767,ACC_000767,A
CASE_000629,CLUSTER_0023,ACC_000300|ACC_000267|ACC_000533|ACC_000267,ACC_000267,E
CASE_000630,CLUSTER_0012,ACC_000450|ACC_001308|ACC_000767|ACC_001308,ACC_001308,B
CASE_000631,CLUSTER_0020,ACC_000345|ACC_000480|ACC_000775|ACC_000023,ACC_000023,B
CASE_000632,CLUSTER_0008,ACC_001583|ACC_001507|ACC_001647,ACC_001647,B
CASE_000633,CLUSTER_0024,ACC_001648|ACC_001178|ACC_000378|ACC_001085|ACC_000709,ACC_000709,D
CASE_000634,CLUSTER_0026,ACC_001573|ACC_001365|ACC_001238|ACC_001349|ACC_001293,ACC_001293,B
CASE_000635,CLUSTER_0013,ACC_000064|ACC_000011|ACC_001300,ACC_001300,B
CASE_000636,CLUSTER_0008,ACC_001596|ACC_001647|ACC_001507,ACC_001507,B
CASE_000637,CLUSTER_0013,ACC_001345|ACC_001300|ACC_000011,ACC_000011,A
CASE_000638,CLUSTER_0010,ACC_001646|ACC_001350|ACC_000052,ACC_000052,A
CASE_000639,CLUSTER_0025,ACC_000245|ACC_001288|ACC_000093|ACC_000467,ACC_000467,A
CASE_000640,CLUSTER_0026,ACC_000777|ACC_001629|ACC_001293|ACC_001349|ACC_001629,ACC_001629,B
CASE_000641,CLUSTER_0012,ACC_001442|ACC_000767|ACC_001308|ACC_000767,ACC_000767,A
CASE_000642,CLUSTER_0023,ACC_001536|ACC_001335|ACC_000287|ACC_000366,ACC_000366,E
CASE_000643,CLUSTER_0023,ACC_000873|ACC_000533|ACC_000267|ACC_000287,ACC_000287,B
CASE_000644,CLUSTER_0023,ACC_001692|ACC_000287|ACC_000366|ACC_000287|ACC_001335,ACC_001335,A
CASE_000645,CLUSTER_0008,ACC_001599|ACC_001507|ACC_001647,ACC_001647,E
CASE_000646,CLUSTER_0025,ACC_000555|ACC_001288|ACC_000093|ACC_001288|ACC_001625,ACC_001625,D
CASE_000647,CLUSTER_0017,ACC_001052|ACC_001768|ACC_001296|ACC_000819,ACC_000819,A
CASE_000648,CLUSTER_0025,ACC_000426|ACC_001288|ACC_000093|ACC_000467|ACC_001288,ACC_001288,A
CASE_000649,CLUSTER_0013,ACC_000716|ACC_001300|ACC_000011,ACC_000011,D
CASE_000650,CLUSTER_0025,ACC_000900|ACC_001288|ACC_000093|ACC_000467|ACC_001625,ACC_001625,D
CASE_000651,CLUSTER_0011,ACC_000331|ACC_000961|ACC_000190,ACC_000190,D
CASE_000652,CLUSTER_0010,ACC_000250|ACC_001350|ACC_000052,ACC_000052,D
CASE_000653,CLUSTER_0001,ACC_000845|ACC_000091|ACC_000524|ACC_000068,ACC_000068,A
CASE_000654,CLUSTER_0012,ACC_001566|ACC_000767|ACC_000139|ACC_000767,ACC_000767,A
CASE_000655,CLUSTER_0017,ACC_001303|ACC_001768|ACC_000819,ACC_000819,B
CASE_000656,CLUSTER_0023,ACC_000488|ACC_000267|ACC_000366|ACC_001335,ACC_001335,A
CASE_000657,CLUSTER_0006,ACC_001153|ACC_001065|ACC_001150,ACC_001150,B
CASE_000658,CLUSTER_0011,ACC_000032|ACC_000961|ACC_000190,ACC_000190,B
CASE_000659,CLUSTER_0021,ACC_001770|ACC_000404|ACC_000659,ACC_000659,B
CASE_000660,CLUSTER_0023,ACC_001074|ACC_000287|ACC_000366|ACC_000267,ACC_000267,A
CASE_000661,CLUSTER_0023,ACC_000116|ACC_000287|ACC_000366|ACC_001335|ACC_000366,ACC_000366,D
CASE_000662,CLUSTER_0023,ACC_000594|ACC_000287|ACC_001335,ACC_001335,B
CASE_000663,CLUSTER_0023,ACC_001018|ACC_000366|ACC_001335|ACC_000267|ACC_000287,ACC_000287,E
CASE_000664,CLUSTER_0010,ACC_000303|ACC_000052|ACC_001350,ACC_001350,A
CASE_000665,CLUSTER_0012,ACC_001677|ACC_001308|ACC_000767|ACC_001308,ACC_001308,A
CASE_000666,CLUSTER_0025,ACC_000006|ACC_001288|ACC_000093,ACC_000093,A
CASE_000667,CLUSTER_0023,ACC_001744|ACC_000267|ACC_000533|ACC_000366,ACC_000366,E
CASE_000668,CLUSTER_0026,ACC_001139|ACC_001629|ACC_001293,ACC_001293,A
CASE_000669,CLUSTER_0026,ACC_001672|ACC_001365|ACC_001238|ACC_001349,ACC_001349,A
CASE_000670,CLUSTER_0001,ACC_000433|ACC_000524|ACC_000068|ACC_000524,ACC_000524,A
CASE_000671,CLUSTER_0020,ACC_000848|ACC_000023|ACC_000775|ACC_000480,ACC_000480,B
CASE_000672,CLUSTER_0023,ACC_000774|ACC_000366|ACC_000533|ACC_001335|ACC_000267,ACC_000267,D
CASE_000673,CLUSTER_0021,ACC_001466|ACC_000404|ACC_000659,ACC_000659,A
CASE_000674,CLUSTER_0006,ACC_001229|ACC_001150|ACC_001065,ACC_001065,A
CASE_000675,CLUSTER_0022,ACC_001536|ACC_001709|ACC_001039|ACC_001709|ACC_000491,ACC_000491,A
CASE_000676,CLUSTER_0019,ACC_001274|ACC_000932|ACC_000753|ACC_000932,ACC_000932,A
CASE_000677,CLUSTER_0020,ACC_001063|ACC_000775|ACC_000023,ACC_000023,B
CASE_000678,CLUSTER_0023,ACC_001425|ACC_000366|ACC_000533|ACC_001335|ACC_000267,ACC_000267,D
CASE_000679,CLUSTER_0010,ACC_001517|ACC_001350|ACC_000052,ACC_000052,A
CASE_000680,CLUSTER_0013,ACC_000800|ACC_001300|ACC_000011,ACC_000011,D
CASE_000681,CLUSTER_0005,ACC_001258|ACC_001788|ACC_001592|ACC_001046,ACC_001046,D
CASE_000682,CLUSTER_0020,ACC_000361|ACC_000023|ACC_000480|ACC_000775,ACC_000775,B
CASE_000683,CLUSTER_0008,ACC_001051|ACC_001507|ACC_001647,ACC_001647,B
CASE_000684,CLUSTER_0012,ACC_001706|ACC_001308|ACC_000139,ACC_000139,E
CASE_000685,CLUSTER_0023,ACC_000912|ACC_000267|ACC_000533|ACC_000366|ACC_000267,ACC_000267,E
CASE_000686,CLUSTER_0008,ACC_000054|ACC_001647|ACC_001507,ACC_001507,A
CASE_000687,CLUSTER_0013,ACC_000962|ACC_000011|ACC_001300,ACC_001300,E
CASE_000688,CLUSTER_0023,ACC_001553|ACC_000533|ACC_000267|ACC_000366|ACC_001335,ACC_001335,D
CASE_000689,CLUSTER_0023,ACC_000625|ACC_000533|ACC_000267,ACC_000267,E
CASE_000690,CLUSTER_0023,ACC_000041|ACC_001335|ACC_000287|ACC_000267|ACC_000287,ACC_000287,D
CASE_000691,CLUSTER_0021,ACC_000114|ACC_000404|ACC_000659,ACC_000659,B
CASE_000692,CLUSTER_0023,ACC_000423|ACC_000287|ACC_001335,ACC_001335,A
CASE_000693,CLUSTER_0021,ACC_000235|ACC_000659|ACC_000404,ACC_000404,D
CASE_000694,CLUSTER_0020,ACC_001406|ACC_000480|ACC_000023|ACC_000480,ACC_000480,B
CASE_000695,CLUSTER_0015,ACC_001766|ACC_001267|ACC_001050,ACC_001050,B
CASE_000696,CLUSTER_0008,ACC_001535|ACC_001647|ACC_001507,ACC_001507,D
CASE_000697,CLUSTER_0025,ACC_000303|ACC_000093|ACC_001625|ACC_000093,ACC_000093,D
CASE_000698,CLUSTER_0020,ACC_001641|ACC_000480|ACC_000775,ACC_000775,A
CASE_000699,CLUSTER_0023,ACC_001666|ACC_000287|ACC_000366|ACC_000287|ACC_000533,ACC_000533,D
CASE_000700,CLUSTER_0019,ACC_000840|ACC_000932|ACC_001690|ACC_000753,ACC_000753,D
CASE_000701,CLUSTER_0021,ACC_000370|ACC_000404|ACC_000659,ACC_000659,A
CASE_000702,CLUSTER_0027,ACC_000605|ACC_000694|ACC_001117|ACC_000880|ACC_001117,ACC_001117,B
CASE_000703,CLUSTER_0008,ACC_000424|ACC_001647|ACC_001507,ACC_001507,D
CASE_000704,CLUSTER_0012,ACC_001519|ACC_001308|ACC_000767|ACC_000139,ACC_000139,A
CASE_000705,CLUSTER_0012,ACC_001279|ACC_000767|ACC_001308|ACC_000767,ACC_000767,A
CASE_000706,CLUSTER_0025,ACC_001279|ACC_001625|ACC_000093,ACC_000093,D
CASE_000707,CLUSTER_0008,ACC_001511|ACC_001647|ACC_001507,ACC_001507,A
CASE_000708,CLUSTER_0025,ACC_001261|ACC_001288|ACC_000467|ACC_000093,ACC_000093,D
CASE_000709,CLUSTER_0008,ACC_001364|ACC_001507|ACC_001647,ACC_001647,A
CASE_000710,CLUSTER_0027,ACC_000158|ACC_000694|ACC_000880|ACC_000652|ACC_000880,ACC_000880,D
CASE_000711,CLUSTER_0010,ACC_001706|ACC_000052|ACC_001350,ACC_001350,A
CASE_000712,CLUSTER_0005,ACC_000045|ACC_000782|ACC_001788|ACC_000782|ACC_001046,ACC_001046,B
CASE_000713,CLUSTER_0025,ACC_001793|ACC_001625|ACC_000467,ACC_000467,D
CASE_000714,CLUSTER_0025,ACC_000009|ACC_001288|ACC_000093|ACC_001288,ACC_001288,D
CASE_000715,CLUSTER_0019,ACC_000286|ACC_000753|ACC_001690|ACC_000932,ACC_000932,A
CASE_000716,CLUSTER_0021,ACC_000800|ACC_000404|ACC_000659,ACC_000659,D
CASE_000717,CLUSTER_0010,ACC_000061|ACC_001350|ACC_000052,ACC_000052,A
CASE_000718,CLUSTER_0026,ACC_001398|ACC_001238|ACC_001293,ACC_001293,B
CASE_000719,CLUSTER_0025,ACC_000223|ACC_000467|ACC_001288,ACC_001288,A
CASE_000720,CLUSTER_0025,ACC_000495|ACC_001625|ACC_001288|ACC_001625|ACC_001288,ACC_001288,D
CASE_000721,CLUSTER_0025,ACC_001658|ACC_000093|ACC_001288|ACC_000093,ACC_000093,A
CASE_000722,CLUSTER_0020,ACC_000862|ACC_000023|ACC_000775|ACC_000480,ACC_000480,E
CASE_000723,CLUSTER_0013,ACC_001529|ACC_001300|ACC_000011,ACC_000011,A
CASE_000724,CLUSTER_0027,ACC_001791|ACC_001117|ACC_000652|ACC_001117|ACC_000880,ACC_000880,B
CASE_000725,CLUSTER_0015,ACC_001261|ACC_001050|ACC_001267,ACC_001267,B
CASE_000726,CLUSTER_0026,ACC_000745|ACC_001293|ACC_001238,ACC_001238,B
CASE_000727,CLUSTER_0012,ACC_000791|ACC_000139|ACC_001308|ACC_000767,ACC_000767,B
CASE_000728,CLUSTER_0021,ACC_001561|ACC_000659|ACC_000404,ACC_000404,A
CASE_000729,CLUSTER_0020,ACC_000433|ACC_000775|ACC_000480|ACC_000023,ACC_000023,E
CASE_000730,CLUSTER_0012,ACC_000163|ACC_000139|ACC_001308|ACC_000767,ACC_000767,B
CASE_000731,CLUSTER_0012,ACC_000187|ACC_000767|ACC_001308|ACC_000767,ACC_000767,B
CASE_000732,CLUSTER_0023,ACC_000898|ACC_000533|ACC_000366,ACC_000366,D
CASE_000733,CLUSTER_0013,ACC_000540|ACC_000011|ACC_001300,ACC_001300,D
CASE_000734,CLUSTER_0021,ACC_000984|ACC_000659|ACC_000404,ACC_000404,A
CASE_000735,CLUSTER_0020,ACC_001490|ACC_000775|ACC_000023|ACC_000480,ACC_000480,B
CASE_000736,CLUSTER_0010,ACC_000552|ACC_000052|ACC_001350,ACC_001350,A
CASE_000737,CLUSTER_0012,ACC_001744|ACC_000767|ACC_001308|ACC_000139,ACC_000139,B
CASE_000738,CLUSTER_0013,ACC_000680|ACC_001300|ACC_000011,ACC_000011,D
CASE_000739,CLUSTER_0012,ACC_000303|ACC_000767|ACC_000139|ACC_001308,ACC_001308,A
CASE_000740,CLUSTER_0008,ACC_001553|ACC_001507|ACC_001647,ACC_001647,A
CASE_000741,CLUSTER_0001,ACC_001045|ACC_000068|ACC_000091|ACC_000068,ACC_000068,A
CASE_000742,CLUSTER_0023,ACC_001431|ACC_000533|ACC_000366,ACC_000366,D
CASE_000743,CLUSTER_0012,ACC_000575|ACC_000767|ACC_000139|ACC_000767,ACC_000767,A
CASE_000744,CLUSTER_0025,ACC_000444|ACC_000093|ACC_001625|ACC_000093,ACC_000093,D
CASE_000745,CLUSTER_0005,ACC_000170|ACC_000820|ACC_000309|ACC_001592|ACC_000782,ACC_000782,A
CASE_000746,CLUSTER_0023,ACC_000954|ACC_000366|ACC_000533|ACC_000366|ACC_000267,ACC_000267,A
CASE_000747,CLUSTER_0012,ACC_000552|ACC_000139|ACC_001308,ACC_001308,A
CASE_000748,CLUSTER_0021,ACC_000089|ACC_000659|ACC_000404,ACC_000404,B
CASE_000749,CLUSTER_0023,ACC_001778|ACC_000287|ACC_000533|ACC_001335,ACC_001335,A
CASE_000750,CLUSTER_0011,ACC_001465|ACC_000961|ACC_000190,ACC_000190,B
CASE_000751,CLUSTER_0010,ACC_000852|ACC_001350|ACC_000052,ACC_000052,B
CASE_000752,CLUSTER_0025,ACC_001789|ACC_000093|ACC_001625,ACC_001625,A
CASE_000753,CLUSTER_0011,ACC_001742|ACC_000961|ACC_000190,ACC_000190,A
CASE_000754,CLUSTER_0008,ACC_000014|ACC_001507|ACC_001647,ACC_001647,D
CASE_000755,CLUSTER_0023,ACC_000072|ACC_001335|ACC_000366,ACC_000366,A
CASE_000756,CLUSTER_0011,ACC_001496|ACC_000961|ACC_000190,ACC_000190,D
CASE_000757,CLUSTER_0023,ACC_001391|ACC_000366|ACC_001335|ACC_000267|ACC_001335,ACC_001335,A
CASE_000758,CLUSTER_0019,ACC_001315|ACC_001690|ACC_000932,ACC_000932,D
CASE_000759,CLUSTER_0014,ACC_000477|ACC_001029|ACC_001630|ACC_001393,ACC_001393,B
CASE_000760,CLUSTER_0005,ACC_000675|ACC_001788|ACC_000309|ACC_000782,ACC_000782,A
CASE_000761,CLUSTER_0012,ACC_001584|ACC_000139|ACC_000767|ACC_000139,ACC_000139,A
CASE_000762,CLUSTER_0012,ACC_001596|ACC_000139|ACC_001308,ACC_001308,A
CASE_000763,CLUSTER_0023,ACC_001443|ACC_000366|ACC_000287|ACC_000533,ACC_000533,A
CASE_000764,CLUSTER_0020,ACC_001332|ACC_000023|ACC_000480,ACC_000480,D
CASE_000765,CLUSTER_0025,ACC_000642|ACC_000467|ACC_001625|ACC_000467,ACC_000467,D
CASE_000766,CLUSTER_0008,ACC_000038|ACC_001507|ACC_001647,ACC_001647,B
CASE_000767,CLUSTER_0020,ACC_000365|ACC_000480|ACC_000023|ACC_000480,ACC_000480,A
CASE_000768,CLUSTER_0012,ACC_001164|ACC_000767|ACC_000139,ACC_000139,B
CASE_000769,CLUSTER_0019,ACC_000228|ACC_001690|ACC_000753|ACC_000932,ACC_000932,A
CASE_000770,CLUSTER_0010,ACC_000680|ACC_001350|ACC_000052,ACC_000052,A
CASE_000771,CLUSTER_0013,ACC_001129|ACC_001300|ACC_000011,ACC_000011,D
CASE_000772,CLUSTER_0022,ACC_000021|ACC_001709|ACC_001114|ACC_001606,ACC_001606,D
CASE_000773,CLUSTER_0025,ACC_001543|ACC_000467|ACC_000093|ACC_001288|ACC_000093,ACC_000093,D
CASE_000774,CLUSTER_0020,ACC_001164|ACC_000023|ACC_000775|ACC_000023,ACC_000023,E
CASE_000775,CLUSTER_0013,ACC_001787|ACC_000011|ACC_001300,ACC_001300,E
CASE_000776,CLUSTER_0015,ACC_000271|ACC_001050|ACC_001267,ACC_001267,B
CASE_000777,CLUSTER_0020,ACC_000101|ACC_000775|ACC_000480|ACC_000775,ACC_000775,A
CASE_000778,CLUSTER_0020,ACC_000689|ACC_000775|ACC_000480|ACC_000023,ACC_000023,B
CASE_000779,CLUSTER_0025,ACC_000877|ACC_001288|ACC_000093,ACC_000093,D
CASE_000780,CLUSTER_0026,ACC_001530|ACC_001629|ACC_001365|ACC_001349|ACC_001365,ACC_001365,E
CASE_000781,CLUSTER_0010,ACC_001084|ACC_001350|ACC_000052,ACC_000052,D
CASE_000782,CLUSTER_0025,ACC_001049|ACC_001625|ACC_000093|ACC_001625,ACC_001625,A
CASE_000783,CLUSTER_0020,ACC_001651|ACC_000023|ACC_000775,ACC_000775,B
CASE_000784,CLUSTER_0013,ACC_001181|ACC_000011|ACC_001300,ACC_001300,D
CASE_000785,CLUSTER_0010,ACC_001617|ACC_001350|ACC_000052,ACC_000052,A
CASE_000786,CLUSTER_0021,ACC_001192|ACC_000404|ACC_000659,ACC_000659,D
CASE_000787,CLUSTER_0021,ACC_000649|ACC_000659|ACC_000404,ACC_000404,B
CASE_000788,CLUSTER_0025,ACC_000538|ACC_001288|ACC_000467|ACC_001625,ACC_001625,B
CASE_000789,CLUSTER_0013,ACC_001204|ACC_001300|ACC_000011,ACC_000011,D
CASE_000790,CLUSTER_0020,ACC_000216|ACC_000023|ACC_000480|ACC_000023,ACC_000023,B
CASE_000791,CLUSTER_0021,ACC_000171|ACC_000404|ACC_000659,ACC_000659,A
CASE_000792,CLUSTER_0023,ACC_001201|ACC_000366|ACC_000267|ACC_000287|ACC_001335,ACC_001335,D
CASE_000793,CLUSTER_0025,ACC_000796|ACC_001288|ACC_000093|ACC_001625|ACC_000467,ACC_000467,A
CASE_000794,CLUSTER_0023,ACC_001443|ACC_000533|ACC_000366|ACC_001335|ACC_000267,ACC_000267,A
CASE_000795,CLUSTER_0012,ACC_001443|ACC_000139|ACC_000767|ACC_000139,ACC_000139,A
CASE_000796,CLUSTER_0020,ACC_000253|ACC_000775|ACC_000480,ACC_000480,B
CASE_000797,CLUSTER_0020,ACC_000442|ACC_000775|ACC_000480,ACC_000480,D
CASE_000798,CLUSTER_0027,ACC_000038|ACC_000694|ACC_001117,ACC_001117,D
CASE_000799,CLUSTER_0020,ACC_001455|ACC_000023|ACC_000775|ACC_000023,ACC_000023,B
CASE_000800,CLUSTER_0005,ACC_000289|ACC_000820|ACC_000309,ACC_000309,B
CASE_000801,CLUSTER_0023,ACC_001557|ACC_000366|ACC_000287,ACC_000287,A
CASE_000802,CLUSTER_0015,ACC_000192|ACC_001050|ACC_001267,ACC_001267,B
CASE_000803,CLUSTER_0020,ACC_000178|ACC_000023|ACC_000775|ACC_000023,ACC_000023,A
CASE_000804,CLUSTER_0023,ACC_000173|ACC_000366|ACC_000267|ACC_000533|ACC_000287,ACC_000287,A
CASE_000805,CLUSTER_0026,ACC_000955|ACC_001629|ACC_001365|ACC_001293,ACC_001293,E
CASE_000806,CLUSTER_0024,ACC_001192|ACC_001085|ACC_000378|ACC_001085,ACC_001085,B
CASE_000807,CLUSTER_0012,ACC_000806|ACC_000139|ACC_001308,ACC_001308,A
CASE_000808,CLUSTER_0011,ACC_000789|ACC_000961|ACC_000190,ACC_000190,A
CASE_000809,CLUSTER_0026,ACC_000243|ACC_001349|ACC_001238|ACC_001629,ACC_001629,A
CASE_000810,CLUSTER_0011,ACC_001205|ACC_000961|ACC_000190,ACC_000190,D
CASE_000811,CLUSTER_0010,ACC_000760|ACC_001350|ACC_000052,ACC_000052,B
CASE_000812,CLUSTER_0025,ACC_001192|ACC_001288|ACC_000467,ACC_000467,A
CASE_000813,CLUSTER_0017,ACC_001680|ACC_000819|ACC_001768|ACC_001296,ACC_001296,A
CASE_000814,CLUSTER_0005,ACC_000464|ACC_000782|ACC_000820|ACC_000309,ACC_000309,A
CASE_000815,CLUSTER_0020,ACC_001435|ACC_000480|ACC_000775,ACC_000775,A
CASE_000816,CLUSTER_0015,ACC_000522|ACC_001267|ACC_001050,ACC_001050,D
CASE_000817,CLUSTER_0017,ACC_000822|ACC_000819|ACC_001768,ACC_001768,D
CASE_000818,CLUSTER_0021,ACC_000702|ACC_000659|ACC_000404,ACC_000404,D
CASE_000819,CLUSTER_0027,ACC_001180|ACC_000694|ACC_000880|ACC_000652,ACC_000652,A
CASE_000820,CLUSTER_0008,ACC_001360|ACC_001507|ACC_001647,ACC_001647,A
CASE_000821,CLUSTER_0012,ACC_000110|ACC_000139|ACC_000767,ACC_000767,A
CASE_000822,CLUSTER_0025,ACC_000783|ACC_000467|ACC_001288,ACC_001288,A
CASE_000823,CLUSTER_0010,ACC_000917|ACC_001350|ACC_000052,ACC_000052,A
CASE_000824,CLUSTER_0026,ACC_000989|ACC_001365|ACC_001629|ACC_001349,ACC_001349,E
CASE_000825,CLUSTER_0013,ACC_000076|ACC_001300|ACC_000011,ACC_000011,D
CASE_000826,CLUSTER_0021,ACC_001101|ACC_000404|ACC_000659,ACC_000659,B
CASE_000827,CLUSTER_0010,ACC_000280|ACC_000052|ACC_001350,ACC_001350,A
CASE_000828,CLUSTER_0013,ACC_001360|ACC_001300|ACC_000011,ACC_000011,A
CASE_000829,CLUSTER_0020,ACC_001742|ACC_000023|ACC_000775|ACC_000480,ACC_000480,B
CASE_000830,CLUSTER_0026,ACC_000560|ACC_001238|ACC_001365|ACC_001629,ACC_001629,A
CASE_000831,CLUSTER_0015,ACC_001139|ACC_001267|ACC_001050,ACC_001050,B
CASE_000832,CLUSTER_0025,ACC_000556|ACC_000093|ACC_001288|ACC_000467|ACC_001288,ACC_001288,A
CASE_000833,CLUSTER_0010,ACC_000252|ACC_001350|ACC_000052,ACC_000052,A
CASE_000834,CLUSTER_0005,ACC_000186|ACC_001788|ACC_000820|ACC_001046|ACC_001592,ACC_001592,A
CASE_000835,CLUSTER_0025,ACC_000168|ACC_001625|ACC_001288,ACC_001288,D
CASE_000836,CLUSTER_0023,ACC_000223|ACC_000366|ACC_001335|ACC_000533,ACC_000533,A
CASE_000837,CLUSTER_0008,ACC_001110|ACC_001647|ACC_001507,ACC_001507,B
CASE_000838,CLUSTER_0003,ACC_001646|ACC_000272|ACC_000660|ACC_000823|ACC_000660,ACC_000660,A
CASE_000839,CLUSTER_0025,ACC_000108|ACC_000093|ACC_001625|ACC_000093,ACC_000093,D
CASE_000840,CLUSTER_0010,ACC_001695|ACC_000052|ACC_001350,ACC_001350,B
CASE_000841,CLUSTER_0020,ACC_001757|ACC_000023|ACC_000480,ACC_000480,E
CASE_000842,CLUSTER_0025,ACC_001036|ACC_000093|ACC_001288,ACC_001288,A
CASE_000843,CLUSTER_0020,ACC_001770|ACC_000775|ACC_000023,ACC_000023,B
CASE_000844,CLUSTER_0025,ACC_000693|ACC_001625|ACC_000093|ACC_001625,ACC_001625,D
CASE_000845,CLUSTER_0005,ACC_000078|ACC_000820|ACC_001592,ACC_001592,A
CASE_000846,CLUSTER_0017,ACC_000167|ACC_001768|ACC_000819|ACC_001768,ACC_001768,B
CASE_000847,CLUSTER_0010,ACC_000345|ACC_001350|ACC_000052,ACC_000052,A
CASE_000848,CLUSTER_0015,ACC_001746|ACC_001267|ACC_001050,ACC_001050,E
CASE_000849,CLUSTER_0023,ACC_000072|ACC_000533|ACC_000287|ACC_001335,ACC_001335,B
CASE_000850,CLUSTER_0025,ACC_001473|ACC_000093|ACC_001288|ACC_001625,ACC_001625,A
CASE_000851,CLUSTER_0010,ACC_000222|ACC_001350|ACC_000052,ACC_000052,A
CASE_000852,CLUSTER_0013,ACC_000919|ACC_001300|ACC_000011,ACC_000011,A
CASE_000853,CLUSTER_0017,ACC_001698|ACC_000819|ACC_001296|ACC_001768,ACC_001768,B
CASE_000854,CLUSTER_0012,ACC_000089|ACC_000139|ACC_001308|ACC_000767,ACC_000767,A
CASE_000855,CLUSTER_0010,ACC_001317|ACC_001350|ACC_000052,ACC_000052,A
CASE_000856,CLUSTER_0025,ACC_001692|ACC_000093|ACC_000467,ACC_000467,D
CASE_000857,CLUSTER_0025,ACC_000101|ACC_001625|ACC_000467|ACC_001625,ACC_001625,A
CASE_000858,CLUSTER_0005,ACC_000920|ACC_001592|ACC_001046,ACC_001046,B
CASE_000859,CLUSTER_0025,ACC_000116|ACC_001625|ACC_001288,ACC_001288,A
CASE_000860,CLUSTER_0023,ACC_001186|ACC_000287|ACC_000267|ACC_000366,ACC_000366,D
CASE_000861,CLUSTER_0012,ACC_000762|ACC_001308|ACC_000139|ACC_000767,ACC_000767,A
CASE_000862,CLUSTER_0021,ACC_001646|ACC_000404|ACC_000659,ACC_000659,D
CASE_000863,CLUSTER_0019,ACC_000475|ACC_001690|ACC_000753,ACC_000753,D
CASE_000864,CLUSTER_0010,ACC_000700|ACC_000052|ACC_001350,ACC_001350,A
CASE_000865,CLUSTER_0008,ACC_000518|ACC_001507|ACC_001647,ACC_001647,A
CASE_000866,CLUSTER_0020,ACC_001205|ACC_000775|ACC_000480|ACC_000023,ACC_000023,B
CASE_000867,CLUSTER_0005,ACC_000078|ACC_001046|ACC_001592|ACC_000782,ACC_000782,B
CASE_000868,CLUSTER_0023,ACC_000249|ACC_000366|ACC_000287,ACC_000287,B
CASE_000869,CLUSTER_0021,ACC_000242|ACC_000659|ACC_000404,ACC_000404,B
CASE_000870,CLUSTER_0021,ACC_001118|ACC_000404|ACC_000659,ACC_000659,B
CASE_000871,CLUSTER_0020,ACC_001522|ACC_000775|ACC_000023|ACC_000775,ACC_000775,B
CASE_000872,CLUSTER_0021,ACC_001530|ACC_000404|ACC_000659,ACC_000659,B
CASE_000873,CLUSTER_0025,ACC_000968|ACC_001288|ACC_001625,ACC_001625,A
CASE_000874,CLUSTER_0020,ACC_001404|ACC_000023|ACC_000775|ACC_000480,ACC_000480,E
CASE_000875,CLUSTER_0012,ACC_001055|ACC_000767|ACC_001308|ACC_000767,ACC_000767,A
CASE_000876,CLUSTER_0023,ACC_000605|ACC_000287|ACC_000267|ACC_001335,ACC_001335,B
CASE_000877,CLUSTER_0013,ACC_000255|ACC_000011|ACC_001300,ACC_001300,A
CASE_000878,CLUSTER_0025,ACC_000656|ACC_001625|ACC_000467,ACC_000467,A
CASE_000879,CLUSTER_0017,ACC_000738|ACC_001296|ACC_000819|ACC_001768,ACC_001768,A
CASE_000880,CLUSTER_0012,ACC_000520|ACC_000767|ACC_001308|ACC_000139,ACC_000139,A
CASE_000881,CLUSTER_0008,ACC_001052|ACC_001507|ACC_001647,ACC_001647,A
CASE_000882,CLUSTER_0013,ACC_001715|ACC_001300|ACC_000011,ACC_000011,E
CASE_000883,CLUSTER_0020,ACC_000903|ACC_000480|ACC_000023|ACC_000480,ACC_000480,A
CASE_000884,CLUSTER_0008,ACC_001162|ACC_001647|ACC_001507,ACC_001507,B
CASE_000885,CLUSTER_0026,ACC_000312|ACC_001365|ACC_001238|ACC_001365,ACC_001365,A
CASE_000886,CLUSTER_0021,ACC_001730|ACC_000404|ACC_000659,ACC_000659,A
CASE_000887,CLUSTER_0023,ACC_000869|ACC_000267|ACC_001335|ACC_000267,ACC_000267,A
CASE_000888,CLUSTER_0008,ACC_000458|ACC_001647|ACC_001507,ACC_001507,B
CASE_000889,CLUSTER_0016,ACC_001266|ACC_001703|ACC_000319|ACC_001762,ACC_001762,B
CASE_000890,CLUSTER_0015,ACC_000192|ACC_001267|ACC_001050,ACC_001050,D
CASE_000891,CLUSTER_0021,ACC_000833|ACC_000404|ACC_000659,ACC_000659,B
CASE_000892,CLUSTER_0019,ACC_001671|ACC_001690|ACC_000753|ACC_001690,ACC_001690,A
CASE_000893,CLUSTER_0012,ACC_000336|ACC_000139|ACC_001308,ACC_001308,A
CASE_000894,CLUSTER_0023,ACC_000336|ACC_001335|ACC_000267,ACC_000267,A
CASE_000895,CLUSTER_0023,ACC_000199|ACC_000267|ACC_000287|ACC_000267|ACC_001335,ACC_001335,D
CASE_000896,CLUSTER_0017,ACC_000703|ACC_001768|ACC_001296|ACC_001768,ACC_001768,D
CASE_000897,CLUSTER_0025,ACC_001662|ACC_000467|ACC_001288|ACC_000467|ACC_001288,ACC_001288,D
CASE_000898,CLUSTER_0010,ACC_000119|ACC_001350|ACC_000052,ACC_000052,B
CASE_000899,CLUSTER_0020,ACC_000541|ACC_000775|ACC_000023|ACC_000480,ACC_000480,B
CASE_000900,CLUSTER_0025,ACC_001695|ACC_000093|ACC_001625|ACC_001288|ACC_001625,ACC_001625,A
CASE_000901,CLUSTER_0023,ACC_000462|ACC_000287|ACC_000366,ACC_000366,E
CASE_000902,CLUSTER_0020,ACC_000826|ACC_000480|ACC_000775|ACC_000480,ACC_000480,B
CASE_000903,CLUSTER_0008,ACC_001186|ACC_001507|ACC_001647,ACC_001647,A
CASE_000904,CLUSTER_0005,ACC_001466|ACC_001592|ACC_000309|ACC_001592,ACC_001592,B
CASE_000905,CLUSTER_0021,ACC_001683|ACC_000659|ACC_000404,ACC_000404,B
CASE_000906,CLUSTER_0017,ACC_001024|ACC_001768|ACC_001296|ACC_001768,ACC_001768,D
CASE_000907,CLUSTER_0017,ACC_000062|ACC_001296|ACC_000819|ACC_001296,ACC_001296,D
CASE_000908,CLUSTER_0015,ACC_001455|ACC_001267|ACC_001050,ACC_001050,B
CASE_000909,CLUSTER_0010,ACC_001673|ACC_000052|ACC_001350,ACC_001350,A
CASE_000910,CLUSTER_0020,ACC_001666|ACC_000023|ACC_000775|ACC_000480,ACC_000480,B
CASE_000911,CLUSTER_0015,ACC_000921|ACC_001267|ACC_001050,ACC_001050,D
CASE_000912,CLUSTER_0008,ACC_001706|ACC_001647|ACC_001507,ACC_001507,B
CASE_000913,CLUSTER_0025,ACC_000116|ACC_001288|ACC_000093,ACC_000093,D
CASE_000914,CLUSTER_0020,ACC_001554|ACC_000480|ACC_000775|ACC_000480,ACC_000480,B
CASE_000915,CLUSTER_0012,ACC_001786|ACC_001308|ACC_000767|ACC_000139,ACC_000139,B
CASE_000916,CLUSTER_0023,ACC_001089|ACC_000533|ACC_001335|ACC_000287|ACC_001335,ACC_001335,D
CASE_000917,CLUSTER_0025,ACC_001179|ACC_001625|ACC_001288|ACC_001625|ACC_000093,ACC_000093,A
CASE_000918,CLUSTER_0012,ACC_001562|ACC_001308|ACC_000767|ACC_000139,ACC_000139,A
CASE_000919,CLUSTER_0025,ACC_000166|ACC_000467|ACC_000093|ACC_000467|ACC_001625,ACC_001625,D
CASE_000920,CLUSTER_0020,ACC_001480|ACC_000023|ACC_000480|ACC_000023,ACC_000023,B
CASE_000921,CLUSTER_0012,ACC_000824|ACC_001308|ACC_000767,ACC_000767,A
CASE_000922,CLUSTER_0023,ACC_001118|ACC_000366|ACC_001335,ACC_001335,E
CASE_000923,CLUSTER_0021,ACC_000840|ACC_000659|ACC_000404,ACC_000404,D
CASE_000924,CLUSTER_0025,ACC_001301|ACC_000467|ACC_000093|ACC_001288|ACC_001625,ACC_001625,D
CASE_000925,CLUSTER_0025,ACC_001519|ACC_001625|ACC_000093|ACC_001625,ACC_001625,A
CASE_000926,CLUSTER_0021,ACC_001163|ACC_000404|ACC_000659,ACC_000659,B
CASE_000927,CLUSTER_0021,ACC_001312|ACC_000659|ACC_000404,ACC_000404,B
CASE_000928,CLUSTER_0011,ACC_000518|ACC_000190|ACC_000961,ACC_000961,E
CASE_000929,CLUSTER_0023,ACC_000796|ACC_000533|ACC_000267|ACC_000366|ACC_001335,ACC_001335,A
CASE_000930,CLUSTER_0025,ACC_001147|ACC_001288|ACC_000093|ACC_001625,ACC_001625,A
CASE_000931,CLUSTER_0027,ACC_000687|ACC_000880|ACC_000694|ACC_000652|ACC_000694,ACC_000694,A
CASE_000932,CLUSTER_0011,ACC_001671|ACC_000190|ACC_000961,ACC_000961,E
CASE_000933,CLUSTER_0020,ACC_000450|ACC_000775|ACC_000480|ACC_000775,ACC_000775,B
CASE_000934,CLUSTER_0026,ACC_000512|ACC_001349|ACC_001365,ACC_001365,A
CASE_000935,CLUSTER_0023,ACC_000512|ACC_000267|ACC_000366|ACC_000287,ACC_000287,B
CASE_000936,CLUSTER_0013,ACC_000409|ACC_000011|ACC_001300,ACC_001300,A
CASE_000937,CLUSTER_0005,ACC_000159|ACC_001046|ACC_000309|ACC_000782,ACC_000782,D
CASE_000938,CLUSTER_0026,ACC_001771|ACC_001293|ACC_001238,ACC_001238,B
CASE_000939,CLUSTER_0021,ACC_000270|ACC_000659|ACC_000404,ACC_000404,D
CASE_000940,CLUSTER_0025,ACC_001622|ACC_000093|ACC_000467,ACC_000467,A
CASE_000941,CLUSTER_0008,ACC_000312|ACC_001647|ACC_001507,ACC_001507,D
CASE_000942,CLUSTER_0020,ACC_001357|ACC_000480|ACC_000023|ACC_000480,ACC_000480,A
CASE_000943,CLUSTER_0025,ACC_001310|ACC_001288|ACC_000467|ACC_001288|ACC_000467,ACC_000467,D
CASE_000944,CLUSTER_0021,ACC_000029|ACC_000659|ACC_000404,ACC_000404,B
CASE_000945,CLUSTER_0015,ACC_001315|ACC_001267|ACC_001050,ACC_001050,D
CASE_000946,CLUSTER_0012,ACC_000721|ACC_000139|ACC_001308|ACC_000139,ACC_000139,A
CASE_000947,CLUSTER_0008,ACC_000539|ACC_001647|ACC_001507,ACC_001507,B
CASE_000948,CLUSTER_0001,ACC_000370|ACC_000068|ACC_000091|ACC_000068,ACC_000068,A
CASE_000949,CLUSTER_0013,ACC_000919|ACC_000011|ACC_001300,ACC_001300,A
CASE_000950,CLUSTER_0020,ACC_001084|ACC_000775|ACC_000023,ACC_000023,A
CASE_000951,CLUSTER_0025,ACC_001140|ACC_000467|ACC_000093,ACC_000093,D
CASE_000952,CLUSTER_0027,ACC_001176|ACC_000694|ACC_000652|ACC_000694|ACC_000880,ACC_000880,A
CASE_000953,CLUSTER_0008,ACC_001686|ACC_001507|ACC_001647,ACC_001647,B
CASE_000954,CLUSTER_0012,ACC_000444|ACC_001308|ACC_000139|ACC_000767,ACC_000767,A
CASE_000955,CLUSTER_0005,ACC_001663|ACC_000309|ACC_001788|ACC_001592,ACC_001592,A
CASE_000956,CLUSTER_0013,ACC_000085|ACC_000011|ACC_001300,ACC_001300,D
CASE_000957,CLUSTER_0021,ACC_000257|ACC_000404|ACC_000659,ACC_000659,B
CASE_000958,CLUSTER_0017,ACC_000565|ACC_001296|ACC_000819|ACC_001768,ACC_001768,A
CASE_000959,CLUSTER_0024,ACC_001742|ACC_001085|ACC_000378|ACC_001085|ACC_001178,ACC_001178,A
CASE_000960,CLUSTER_0006,ACC_001044|ACC_001133|ACC_001065|ACC_001150|ACC_001133,ACC_001133,D
CASE_000961,CLUSTER_0021,ACC_000719|ACC_000659|ACC_000404,ACC_000404,A
CASE_000962,CLUSTER_0027,ACC_000941|ACC_000694|ACC_000652|ACC_000880|ACC_000652,ACC_000652,B
CASE_000963,CLUSTER_0010,ACC_000869|ACC_000052|ACC_001350,ACC_001350,D
CASE_000964,CLUSTER_0026,ACC_001128|ACC_001349|ACC_001365|ACC_001238,ACC_001238,E
CASE_000965,CLUSTER_0023,ACC_001538|ACC_000287|ACC_000366,ACC_000366,D
CASE_000966,CLUSTER_0013,ACC_001357|ACC_000011|ACC_001300,ACC_001300,D
CASE_000967,CLUSTER_0017,ACC_000244|ACC_001296|ACC_000819,ACC_000819,D
CASE_000968,CLUSTER_0008,ACC_001787|ACC_001647|ACC_001507,ACC_001507,A
CASE_000969,CLUSTER_0022,ACC_001756|ACC_001114|ACC_001709|ACC_001114,ACC_001114,A
CASE_000970,CLUSTER_0020,ACC_001116|ACC_000775|ACC_000023|ACC_000775,ACC_000775,B
CASE_000971,CLUSTER_0010,ACC_000585|ACC_000052|ACC_001350,ACC_001350,A
CASE_000972,CLUSTER_0020,ACC_001095|ACC_000023|ACC_000480|ACC_000775,ACC_000775,B
CASE_000973,CLUSTER_0026,ACC_001496|ACC_001238|ACC_001629|ACC_001293|ACC_001238,ACC_001238,A
CASE_000974,CLUSTER_0026,ACC_000589|ACC_001629|ACC_001293,ACC_001293,A
CASE_000975,CLUSTER_0023,ACC_001094|ACC_001335|ACC_000533|ACC_000267,ACC_000267,D
CASE_000976,CLUSTER_0010,ACC_000223|ACC_001350|ACC_000052,ACC_000052,A
CASE_000977,CLUSTER_0015,ACC_000538|ACC_001050|ACC_001267,ACC_001267,B
CASE_000978,CLUSTER_0021,ACC_001018|ACC_000659|ACC_000404,ACC_000404,B
CASE_000979,CLUSTER_0010,ACC_001589|ACC_001350|ACC_000052,ACC_000052,A
CASE_000980,CLUSTER_0025,ACC_000760|ACC_001625|ACC_000093,ACC_000093,A
CASE_000981,CLUSTER_0023,ACC_000598|ACC_000287|ACC_001335|ACC_000287,ACC_000287,A
CASE_000982,CLUSTER_0012,ACC_001176|ACC_000139|ACC_001308|ACC_000767,ACC_000767,A
CASE_000983,CLUSTER_0025,ACC_000365|ACC_000467|ACC_000093,ACC_000093,D
CASE_000984,CLUSTER_0023,ACC_000271|ACC_000267|ACC_000533|ACC_001335,ACC_001335,B
CASE_000985,CLUSTER_0025,ACC_000129|ACC_001625|ACC_000093,ACC_000093,D
CASE_000986,CLUSTER_0021,ACC_001640|ACC_000404|ACC_000659,ACC_000659,D
CASE_000987,CLUSTER_0026,ACC_001543|ACC_001629|ACC_001293|ACC_001349|ACC_001293,ACC_001293,A
CASE_000988,CLUSTER_0025,ACC_000993|ACC_001625|ACC_000093|ACC_000467|ACC_000093,ACC_000093,A
CASE_000989,CLUSTER_0025,ACC_000257|ACC_001625|ACC_000093|ACC_001625|ACC_001288,ACC_001288,A
CASE_000990,CLUSTER_0025,ACC_000426|ACC_001288|ACC_001625|ACC_000467,ACC_000467,D
CASE_000991,CLUSTER_0021,ACC_001706|ACC_000404|ACC_000659,ACC_000659,D
CASE_000992,CLUSTER_0025,ACC_000150|ACC_000467|ACC_001625,ACC_001625,D
CASE_000993,CLUSTER_0015,ACC_001442|ACC_001267|ACC_001050,ACC_001050,D
CASE_000994,CLUSTER_0008,ACC_000806|ACC_001647|ACC_001507,ACC_001507,B
CASE_000995,CLUSTER_0020,ACC_000101|ACC_000775|ACC_000023,ACC_000023,B
CASE_000996,CLUSTER_0010,ACC_001112|ACC_000052|ACC_001350,ACC_001350,A
CASE_000997,CLUSTER_0010,ACC_000603|ACC_001350|ACC_000052,ACC_000052,A
CASE_000998,CLUSTER_0020,ACC_001153|ACC_000023|ACC_000775|ACC_000023,ACC_000023,B
CASE_000999,CLUSTER_0012,ACC_000738|ACC_000767|ACC_000139|ACC_000767,ACC_000767,A
CASE_001000,CLUSTER_0002,ACC_000167|ACC_001727|ACC_001006,ACC_001006,A
CASE_001001,CLUSTER_0012,ACC_000442|ACC_001308|ACC_000767,ACC_000767,B
CASE_001002,CLUSTER_0020,ACC_000769|ACC_000775|ACC_000023,ACC_000023,B
CASE_001003,CLUSTER_0020,ACC_000497|ACC_000480|ACC_000023,ACC_000023,E
CASE_001004,CLUSTER_0013,ACC_000869|ACC_001300|ACC_000011,ACC_000011,A
CASE_001005,CLUSTER_0023,ACC_001201|ACC_000267|ACC_000533,ACC_000533,B
CASE_001006,CLUSTER_0012,ACC_001298|ACC_000767|ACC_000139,ACC_000139,A
CASE_001007,CLUSTER_0023,ACC_000689|ACC_000267|ACC_000366,ACC_000366,A
CASE_001008,CLUSTER_0010,ACC_001180|ACC_000052|ACC_001350,ACC_001350,D
CASE_001009,CLUSTER_0008,ACC_001619|ACC_001507|ACC_001647,ACC_001647,D
CASE_001010,CLUSTER_0014,ACC_001511|ACC_001393|ACC_001630|ACC_001393,ACC_001393,B
CASE_001011,CLUSTER_0025,ACC_001287|ACC_001625|ACC_000093|ACC_001625|ACC_001288,ACC_001288,D
CASE_001012,CLUSTER_0023,ACC_001742|ACC_000533|ACC_000267,ACC_000267,D
CASE_001013,CLUSTER_0023,ACC_001789|ACC_000287|ACC_000533|ACC_001335|ACC_000267,ACC_000267,E
CASE_001014,CLUSTER_0008,ACC_001058|ACC_001507|ACC_001647,ACC_001647,B
CASE_001015,CLUSTER_0010,ACC_000488|ACC_000052|ACC_001350,ACC_001350,A
CASE_001016,CLUSTER_0021,ACC_001563|ACC_000659|ACC_000404,ACC_000404,A
CASE_001017,CLUSTER_0023,ACC_000971|ACC_000287|ACC_000267,ACC_000267,D
CASE_001018,CLUSTER_0017,ACC_000594|ACC_001768|ACC_000819|ACC_001768,ACC_001768,E
CASE_001019,CLUSTER_0025,ACC_001443|ACC_001288|ACC_001625|ACC_000467,ACC_000467,D
CASE_001020,CLUSTER_0026,ACC_001332|ACC_001238|ACC_001365|ACC_001349|ACC_001629,ACC_001629,E
CASE_001021,CLUSTER_0010,ACC_001229|ACC_000052|ACC_001350,ACC_001350,A
CASE_001022,CLUSTER_0011,ACC_000071|ACC_000190|ACC_000961,ACC_000961,D
CASE_001023,CLUSTER_0026,ACC_000041|ACC_001629|ACC_001365|ACC_001238,ACC_001238,B
CASE_001024,CLUSTER_0023,ACC_000852|ACC_000287|ACC_000533|ACC_001335,ACC_001335,D
CASE_001025,CLUSTER_0012,ACC_001321|ACC_000767|ACC_001308,ACC_001308,A
CASE_001026,CLUSTER_0025,ACC_000158|ACC_001625|ACC_001288|ACC_000093,ACC_000093,D
CASE_001027,CLUSTER_0021,ACC_001441|ACC_000404|ACC_000659,ACC_000659,A
CASE_001028,CLUSTER_0020,ACC_000106|ACC_000480|ACC_000023,ACC_000023,A
CASE_001029,CLUSTER_0023,ACC_000846|ACC_000533|ACC_000267,ACC_000267,A
CASE_001030,CLUSTER_0011,ACC_000719|ACC_000190|ACC_000961,ACC_000961,A
CASE_001031,CLUSTER_0017,ACC_001071|ACC_001768|ACC_001296|ACC_001768,ACC_001768,E
CASE_001032,CLUSTER_0017,ACC_000246|ACC_000819|ACC_001296|ACC_000819,ACC_000819,B
CASE_001033,CLUSTER_0015,ACC_000347|ACC_001050|ACC_001267,ACC_001267,D
CASE_001034,CLUSTER_0008,ACC_001560|ACC_001507|ACC_001647,ACC_001647,D
CASE_001035,CLUSTER_0017,ACC_000414|ACC_001296|ACC_000819|ACC_001296,ACC_001296,E
CASE_001036,CLUSTER_0010,ACC_000326|ACC_001350|ACC_000052,ACC_000052,A
CASE_001037,CLUSTER_0021,ACC_000865|ACC_000659|ACC_000404,ACC_000404,D
CASE_001038,CLUSTER_0025,ACC_000243|ACC_001288|ACC_000093,ACC_000093,D
CASE_001039,CLUSTER_0023,ACC_001386|ACC_000287|ACC_000267,ACC_000267,D
CASE_001040,CLUSTER_0017,ACC_001229|ACC_001296|ACC_001768,ACC_001768,D
CASE_001041,CLUSTER_0020,ACC_000840|ACC_000023|ACC_000480|ACC_000023,ACC_000023,A
CASE_001042,CLUSTER_0021,ACC_000468|ACC_000404|ACC_000659,ACC_000659,A
CASE_001043,CLUSTER_0025,ACC_000257|ACC_001625|ACC_000093|ACC_001288,ACC_001288,A
CASE_001044,CLUSTER_0026,ACC_001014|ACC_001238|ACC_001365|ACC_001349,ACC_001349,B
CASE_001045,CLUSTER_0023,ACC_000989|ACC_000287|ACC_000267|ACC_001335|ACC_000287,ACC_000287,B
CASE_001046,CLUSTER_0017,ACC_000930|ACC_001768|ACC_001296|ACC_001768,ACC_001768,E
CASE_001047,CLUSTER_0011,ACC_000645|ACC_000190|ACC_000961,ACC_000961,A
CASE_001048,CLUSTER_0010,ACC_000869|ACC_000052|ACC_001350,ACC_001350,A
CASE_001049,CLUSTER_0001,ACC_000721|ACC_000524|ACC_000068|ACC_000524,ACC_000524,A
CASE_001050,CLUSTER_0015,ACC_001278|ACC_001050|ACC_001267,ACC_001267,A
CASE_001051,CLUSTER_0005,ACC_001698|ACC_000309|ACC_001788|ACC_000309|ACC_001788,ACC_001788,A
CASE_001052,CLUSTER_0023,ACC_001317|ACC_000533|ACC_000366,ACC_000366,E
CASE_001053,CLUSTER_0010,ACC_000389|ACC_000052|ACC_001350,ACC_001350,B
CASE_001054,CLUSTER_0024,ACC_000936|ACC_000378|ACC_001085|ACC_000709|ACC_000378,ACC_000378,A
CASE_001055,CLUSTER_0013,ACC_000953|ACC_001300|ACC_000011,ACC_000011,D
CASE_001056,CLUSTER_0025,ACC_001506|ACC_001288|ACC_001625|ACC_000093,ACC_000093,D
CASE_001057,CLUSTER_0002,ACC_000268|ACC_001727|ACC_001006,ACC_001006,E
CASE_001058,CLUSTER_0008,ACC_000606|ACC_001647|ACC_001507,ACC_001507,D
CASE_001059,CLUSTER_0023,ACC_000159|ACC_000287|ACC_000267|ACC_000287,ACC_000287,D
CASE_001060,CLUSTER_0021,ACC_000072|ACC_000659|ACC_000404,ACC_000404,B
CASE_001061,CLUSTER_0010,ACC_000512|ACC_001350|ACC_000052,ACC_000052,B
CASE_001062,CLUSTER_0025,ACC_000199|ACC_000093|ACC_000467|ACC_001288,ACC_001288,D
CASE_001063,CLUSTER_0021,ACC_000064|ACC_000659|ACC_000404,ACC_000404,D
CASE_001064,CLUSTER_0020,ACC_001090|ACC_000775|ACC_000023,ACC_000023,A
CASE_001065,CLUSTER_0023,ACC_001713|ACC_001335|ACC_000366|ACC_001335,ACC_001335,D
CASE_001066,CLUSTER_0021,ACC_001113|ACC_000659|ACC_000404,ACC_000404,B
CASE_001067,CLUSTER_0001,ACC_000442|ACC_000091|ACC_000524,ACC_000524,B
CASE_001068,CLUSTER_0025,ACC_001139|ACC_001288|ACC_000093,ACC_000093,D
CASE_001069,CLUSTER_0025,ACC_000072|ACC_000093|ACC_001625,ACC_001625,B
CASE_001070,CLUSTER_0020,ACC_001572|ACC_000023|ACC_000480|ACC_000023,ACC_000023,A
CASE_001071,CLUSTER_0020,ACC_000043|ACC_000023|ACC_000480|ACC_000775,ACC_000775,B
CASE_001072,CLUSTER_0024,ACC_000029|ACC_000378|ACC_001085,ACC_001085,B
CASE_001073,CLUSTER_0010,ACC_000344|ACC_000052|ACC_001350,ACC_001350,A
CASE_001074,CLUSTER_0025,ACC_000509|ACC_000467|ACC_000093,ACC_000093,B
CASE_001075,CLUSTER_0025,ACC_001281|ACC_000467|ACC_001625,ACC_001625,D
CASE_001076,CLUSTER_0017,ACC_001059|ACC_001296|ACC_000819,ACC_000819,B
CASE_001077,CLUSTER_0020,ACC_000253|ACC_000480|ACC_000775,ACC_000775,B
CASE_001078,CLUSTER_0021,ACC_000049|ACC_000659|ACC_000404,ACC_000404,A
CASE_001079,CLUSTER_0023,ACC_001025|ACC_000366|ACC_000533|ACC_001335,ACC_001335,D
CASE_001080,CLUSTER_0025,ACC_000350|ACC_001625|ACC_001288,ACC_001288,D
CASE_001081,CLUSTER_0023,ACC_000462|ACC_000287|ACC_000366|ACC_000287|ACC_000366,ACC_000366,D
CASE_001082,CLUSTER_0025,ACC_001678|ACC_000093|ACC_000467,ACC_000467,D
CASE_001083,CLUSTER_0012,ACC_000143|ACC_001308|ACC_000139|ACC_000767,ACC_000767,A
CASE_001084,CLUSTER_0020,ACC_000094|ACC_000775|ACC_000023|ACC_000775,ACC_000775,B
CASE_001085,CLUSTER_0025,ACC_001125|ACC_000467|ACC_001288|ACC_000093|ACC_001288,ACC_001288,D
CASE_001086,CLUSTER_0023,ACC_001110|ACC_000287|ACC_000533|ACC_000267|ACC_000287,ACC_000287,E
CASE_001087,CLUSTER_0023,ACC_001474|ACC_000366|ACC_000533,ACC_000533,B
CASE_001088,CLUSTER_0018,ACC_000965|ACC_000473|ACC_000335|ACC_000489|ACC_000335,ACC_000335,B
CASE_001089,CLUSTER_0020,ACC_001436|ACC_000023|ACC_000775|ACC_000480,ACC_000480,B
CASE_001090,CLUSTER_0010,ACC_000062|ACC_000052|ACC_001350,ACC_001350,B
CASE_001091,CLUSTER_0021,ACC_001236|ACC_000659|ACC_000404,ACC_000404,D
CASE_001092,CLUSTER_0020,ACC_000321|ACC_000023|ACC_000775,ACC_000775,E
CASE_001093,CLUSTER_0026,ACC_000833|ACC_001293|ACC_001238,ACC_001238,A
CASE_001094,CLUSTER_0020,ACC_001682|ACC_000775|ACC_000023|ACC_000480,ACC_000480,B
CASE_001095,CLUSTER_0020,ACC_001644|ACC_000023|ACC_000480|ACC_000775,ACC_000775,B
CASE_001096,CLUSTER_0020,ACC_000538|ACC_000775|ACC_000480,ACC_000480,B
CASE_001097,CLUSTER_0025,ACC_001127|ACC_001288|ACC_000093|ACC_000467|ACC_000093,ACC_000093,D
CASE_001098,CLUSTER_0020,ACC_000929|ACC_000023|ACC_000775,ACC_000775,E
CASE_001099,CLUSTER_0019,ACC_001018|ACC_001690|ACC_000932|ACC_001690,ACC_001690,E
CASE_001100,CLUSTER_0012,ACC_000868|ACC_000139|ACC_000767,ACC_000767,A
CASE_001101,CLUSTER_0027,ACC_001058|ACC_000694|ACC_000652|ACC_001117,ACC_001117,D
CASE_001102,CLUSTER_0023,ACC_000617|ACC_000366|ACC_000287|ACC_000267|ACC_000533,ACC_000533,D
CASE_001103,CLUSTER_0008,ACC_001783|ACC_001647|ACC_001507,ACC_001507,A
CASE_001104,CLUSTER_0010,ACC_000954|ACC_000052|ACC_001350,ACC_001350,A
CASE_001105,CLUSTER_0020,ACC_001662|ACC_000480|ACC_000023|ACC_000775,ACC_000775,B
CASE_001106,CLUSTER_0021,ACC_001549|ACC_000404|ACC_000659,ACC_000659,A
CASE_001107,CLUSTER_0013,ACC_000235|ACC_001300|ACC_000011,ACC_000011,D
CASE_001108,CLUSTER_0001,ACC_000695|ACC_000091|ACC_000524|ACC_000068,ACC_000068,A
CASE_001109,CLUSTER_0021,ACC_000171|ACC_000404|ACC_000659,ACC_000659,D
CASE_001110,CLUSTER_0010,ACC_001793|ACC_001350|ACC_000052,ACC_000052,B
CASE_001111,CLUSTER_0020,ACC_000936|ACC_000480|ACC_000775|ACC_000023,ACC_000023,E
CASE_001112,CLUSTER_0025,ACC_000596|ACC_000467|ACC_001625|ACC_000467|ACC_001625,ACC_001625,D
CASE_001113,CLUSTER_0020,ACC_000550|ACC_000775|ACC_000480,ACC_000480,A
CASE_001114,CLUSTER_0010,ACC_001291|ACC_000052|ACC_001350,ACC_001350,A
CASE_001115,CLUSTER_0020,ACC_000427|ACC_000775|ACC_000023|ACC_000480,ACC_000480,B
CASE_001116,CLUSTER_0008,ACC_000133|ACC_001647|ACC_001507,ACC_001507,B
CASE_001117,CLUSTER_0023,ACC_001584|ACC_000267|ACC_001335,ACC_001335,A
CASE_001118,CLUSTER_0020,ACC_000844|ACC_000775|ACC_000023|ACC_000480,ACC_000480,B
CASE_001119,CLUSTER_0015,ACC_001751|ACC_001267|ACC_001050,ACC_001050,A
CASE_001120,CLUSTER_0020,ACC_000719|ACC_000023|ACC_000775,ACC_000775,A
CASE_001121,CLUSTER_0010,ACC_000158|ACC_001350|ACC_000052,ACC_000052,A
CASE_001122,CLUSTER_0013,ACC_000700|ACC_000011|ACC_001300,ACC_001300,D
CASE_001123,CLUSTER_0013,ACC_000551|ACC_000011|ACC_001300,ACC_001300,A
CASE_001124,CLUSTER_0021,ACC_001441|ACC_000659|ACC_000404,ACC_000404,B
CASE_001125,CLUSTER_0020,ACC_000846|ACC_000023|ACC_000775|ACC_000023,ACC_000023,B
CASE_001126,CLUSTER_0008,ACC_000289|ACC_001647|ACC_001507,ACC_001507,A
CASE_001127,CLUSTER_0025,ACC_001642|ACC_001625|ACC_001288,ACC_001288,A
CASE_001128,CLUSTER_0012,ACC_001653|ACC_001308|ACC_000139|ACC_000767,ACC_000767,A
CASE_001129,CLUSTER_0025,ACC_000526|ACC_000093|ACC_001288,ACC_001288,A
CASE_001130,CLUSTER_0013,ACC_001171|ACC_000011|ACC_001300,ACC_001300,D
CASE_001131,CLUSTER_0020,ACC_001314|ACC_000480|ACC_000023|ACC_000480,ACC_000480,D
CASE_001132,CLUSTER_0020,ACC_001791|ACC_000775|ACC_000023,ACC_000023,B
CASE_001133,CLUSTER_0021,ACC_000815|ACC_000659|ACC_000404,ACC_000404,D
CASE_001134,CLUSTER_0012,ACC_000306|ACC_000139|ACC_001308,ACC_001308,A
CASE_001135,CLUSTER_0021,ACC_000106|ACC_000404|ACC_000659,ACC_000659,E
CASE_001136,CLUSTER_0017,ACC_000900|ACC_001768|ACC_000819,ACC_000819,B
CASE_001137,CLUSTER_0023,ACC_000229|ACC_001335|ACC_000366|ACC_000287|ACC_000533,ACC_000533,D
CASE_001138,CLUSTER_0020,ACC_000872|ACC_000480|ACC_000023|ACC_000480,ACC_000480,B
CASE_001139,CLUSTER_0023,ACC_000462|ACC_001335|ACC_000533,ACC_000533,D
CASE_001140,CLUSTER_0025,ACC_000913|ACC_000093|ACC_000467|ACC_001625|ACC_001288,ACC_001288,A
CASE_001141,CLUSTER_0017,ACC_001522|ACC_001296|ACC_000819|ACC_001768,ACC_001768,D
CASE_001142,CLUSTER_0010,ACC_001480|ACC_000052|ACC_001350,ACC_001350,D
CASE_001143,CLUSTER_0008,ACC_001756|ACC_001647|ACC_001507,ACC_001507,B
CASE_001144,CLUSTER_0013,ACC_001309|ACC_001300|ACC_000011,ACC_000011,B
CASE_001145,CLUSTER_0020,ACC_000717|ACC_000023|ACC_000775,ACC_000775,A
CASE_001146,CLUSTER_0023,ACC_001732|ACC_000267|ACC_000366|ACC_000267,ACC_000267,B
CASE_001147,CLUSTER_0021,ACC_000717|ACC_000404|ACC_000659,ACC_000659,A
CASE_001148,CLUSTER_0010,ACC_001281|ACC_001350|ACC_000052,ACC_000052,B
CASE_001149,CLUSTER_0020,ACC_000762|ACC_000775|ACC_000480,ACC_000480,B
CASE_001150,CLUSTER_0023,ACC_000102|ACC_001335|ACC_000533|ACC_000267,ACC_000267,D
CASE_001151,CLUSTER_0023,ACC_001241|ACC_000267|ACC_000287|ACC_000267,ACC_000267,D
CASE_001152,CLUSTER_0020,ACC_000242|ACC_000023|ACC_000480,ACC_000480,E
CASE_001153,CLUSTER_0010,ACC_000989|ACC_001350|ACC_000052,ACC_000052,E
CASE_001154,CLUSTER_0017,ACC_001113|ACC_001768|ACC_001296|ACC_001768,ACC_001768,A
CASE_001155,CLUSTER_0001,ACC_001141|ACC_000068|ACC_000524|ACC_000068,ACC_000068,A
CASE_001156,CLUSTER_0023,ACC_000168|ACC_000287|ACC_000366|ACC_000267,ACC_000267,E
CASE_001157,CLUSTER_0015,ACC_000968|ACC_001267|ACC_001050,ACC_001050,B
CASE_001158,CLUSTER_0010,ACC_000345|ACC_000052|ACC_001350,ACC_001350,B
CASE_001159,CLUSTER_0011,ACC_000688|ACC_000961|ACC_000190,ACC_000190,D
CASE_001160,CLUSTER_0001,ACC_000252|ACC_000524|ACC_000068|ACC_000524,ACC_000524,B
CASE_001161,CLUSTER_0025,ACC_000108|ACC_001625|ACC_001288|ACC_000467|ACC_001288,ACC_001288,A
CASE_001162,CLUSTER_0001,ACC_001500|ACC_000068|ACC_000524|ACC_000068,ACC_000068,D
CASE_001163,CLUSTER_0013,ACC_000038|ACC_000011|ACC_001300,ACC_001300,E
CASE_001164,CLUSTER_0021,ACC_000702|ACC_000404|ACC_000659,ACC_000659,D
CASE_001165,CLUSTER_0025,ACC_000824|ACC_001288|ACC_000093|ACC_000467|ACC_001288,ACC_001288,D
CASE_001166,CLUSTER_0026,ACC_000168|ACC_001629|ACC_001293|ACC_001238,ACC_001238,A
CASE_001167,CLUSTER_0012,ACC_001172|ACC_000139|ACC_000767,ACC_000767,B
CASE_001168,CLUSTER_0001,ACC_000993|ACC_000524|ACC_000091|ACC_000068,ACC_000068,A
CASE_001169,CLUSTER_0023,ACC_000312|ACC_000287|ACC_001335|ACC_000287|ACC_000533,ACC_000533,A
CASE_001170,CLUSTER_0020,ACC_000540|ACC_000023|ACC_000480,ACC_000480,E
CASE_001171,CLUSTER_0017,ACC_001536|ACC_001296|ACC_001768,ACC_001768,B
CASE_001172,CLUSTER_0023,ACC_001543|ACC_000287|ACC_000533,ACC_000533,D
CASE_001173,CLUSTER_0027,ACC_000527|ACC_000694|ACC_000880|ACC_000652,ACC_000652,D
CASE_001174,CLUSTER_0011,ACC_000783|ACC_000190|ACC_000961,ACC_000961,D
CASE_001175,CLUSTER_0021,ACC_001301|ACC_000404|ACC_000659,ACC_000659,B
CASE_001176,CLUSTER_0020,ACC_000832|ACC_000023|ACC_000775,ACC_000775,A
CASE_001177,CLUSTER_0021,ACC_001163|ACC_000659|ACC_000404,ACC_000404,A
CASE_001178,CLUSTER_0020,ACC_000804|ACC_000480|ACC_000775|ACC_000023,ACC_000023,B
CASE_001179,CLUSTER_0026,ACC_000006|ACC_001365|ACC_001629|ACC_001349,ACC_001349,A
CASE_001180,CLUSTER_0012,ACC_001648|ACC_000139|ACC_000767|ACC_001308,ACC_001308,A
CASE_001181,CLUSTER_0025,ACC_000199|ACC_000093|ACC_001625|ACC_000467,ACC_000467,D
CASE_001182,CLUSTER_0021,ACC_001447|ACC_000404|ACC_000659,ACC_000659,A
CASE_001183,CLUSTER_0025,ACC_000774|ACC_001625|ACC_000467,ACC_000467,A
CASE_001184,CLUSTER_0023,ACC_000062|ACC_000366|ACC_000533|ACC_000287|ACC_001335,ACC_001335,A
CASE_001185,CLUSTER_0021,ACC_000446|ACC_000659|ACC_000404,ACC_000404,B
CASE_001186,CLUSTER_0005,ACC_000824|ACC_001788|ACC_000309|ACC_001788,ACC_001788,B
CASE_001187,CLUSTER_0021,ACC_000006|ACC_000404|ACC_000659,ACC_000659,B
CASE_001188,CLUSTER_0011,ACC_000488|ACC_000190|ACC_000961,ACC_000961,D
CASE_001189,CLUSTER_0013,ACC_000223|ACC_000011|ACC_001300,ACC_001300,D
CASE_001190,CLUSTER_0015,ACC_001104|ACC_001050|ACC_001267,ACC_001267,B
CASE_001191,CLUSTER_0025,ACC_001355|ACC_001288|ACC_000093|ACC_001625|ACC_000467,ACC_000467,D
CASE_001192,CLUSTER_0025,ACC_000444|ACC_000093|ACC_001288|ACC_000467|ACC_001625,ACC_001625,A
CASE_001193,CLUSTER_0023,ACC_001488|ACC_000533|ACC_000366|ACC_000287|ACC_001335,ACC_001335,B
CASE_001194,CLUSTER_0010,ACC_000126|ACC_000052|ACC_001350,ACC_001350,D
CASE_001195,CLUSTER_0015,ACC_000701|ACC_001267|ACC_001050,ACC_001050,E
CASE_001196,CLUSTER_0001,ACC_001345|ACC_000524|ACC_000068|ACC_000524,ACC_000524,D
CASE_001197,CLUSTER_0025,ACC_000178|ACC_000093|ACC_001288|ACC_001625,ACC_001625,A
CASE_001198,CLUSTER_0010,ACC_001677|ACC_001350|ACC_000052,ACC_000052,A
CASE_001199,CLUSTER_0021,ACC_001144|ACC_000659|ACC_000404,ACC_000404,A
CASE_001200,CLUSTER_0020,ACC_000006|ACC_000480|ACC_000775|ACC_000023,ACC_000023,B
