complaint_id,prediction_timestamp,withdrawal_timestamp,withdrawal_delay_hours,time_window_label
CASE_000001,2024-12-07 02:50:08.945935086,2024-12-07 08:07:09.901000011,5.284,2
CASE_000002,2024-11-09 07:44:12.802448708,2024-11-09 11:56:05.229838183,4.198,2
CASE_000003,2024-01-06 04:46:19.129871978,2024-01-06 11:58:59.412129753,7.211,3
CASE_000005,2025-07-06 15:49:23.315417245,2025-07-07 06:13:32.984125688,14.403,4
CASE_000007,2025-05-10 11:37:21.649851269,2025-05-10 14:58:51.793416160,3.358,2
CASE_000008,2024-02-06 23:18:04.781686829,2024-02-07 00:46:02.722645075,1.466,1
CASE_000009,2024-06-07 08:45:25.116241974,2024-06-07 22:13:38.259747337,13.47,4
CASE_000010,2025-07-21 22:14:32.948704870,2025-07-22 02:35:12.848212241,4.344,2
CASE_000019,2024-09-07 18:32:20.220512469,2024-09-08 02:56:54.513224845,8.41,3
CASE_000021,2024-07-13 23:09:19.725372087,2024-07-14 05:05:26.843725665,5.935,2
CASE_000022,2024-06-29 13:22:40.007171609,2024-06-30 02:35:14.330719579,13.21,4
CASE_000024,2024-05-03 15:28:30.434150223,2024-05-03 15:56:30.341624390,0.467,0
CASE_000025,2025-08-23 15:41:02.000924506,2025-08-23 18:59:48.546143454,3.313,2
CASE_000027,2024-01-25 14:32:38.223293163,2024-01-25 19:52:37.227837410,5.333,2
CASE_000028,2024-10-18 04:09:31.423537234,2024-10-18 04:22:38.932773385,0.219,0
CASE_000029,2024-06-23 22:11:48.169828290,2024-06-24 01:39:40.812417640,3.465,2
CASE_000031,2024-10-03 04:23:42.372976708,2024-10-03 10:58:21.045301203,6.577,3
CASE_000033,2024-06-28 09:29:15.660471848,2024-06-28 12:36:29.505751252,3.121,2
CASE_000034,2024-12-06 17:33:48.122471962,2024-12-07 15:56:54.438820771,22.385,4
CASE_000035,2025-07-05 23:17:21.562931265,2025-07-06 04:07:23.229842053,4.834,2
CASE_000037,2024-11-28 07:17:39.414171639,2024-11-28 08:43:16.501278229,1.427,1
CASE_000038,2025-07-24 10:53:41.598159554,2025-07-25 00:02:59.108627591,13.155,4
CASE_000039,2025-03-15 06:05:56.852619078,2025-03-16 02:09:32.797525856,20.06,4
CASE_000042,2024-09-21 04:43:13.728702891,2024-09-21 07:45:52.376157093,3.044,2
CASE_000045,2025-02-28 05:32:15.439565755,2025-02-28 10:33:37.587978589,5.023,2
CASE_000048,2024-06-28 13:39:05.002345215,2024-06-29 03:07:12.070652884,13.469,4
CASE_000050,2025-07-01 13:37:12.652788333,2025-07-01 23:56:12.933942031,10.317,3
CASE_000051,2025-05-02 07:12:14.452430666,2025-05-02 13:59:30.046590092,6.788,3
CASE_000052,2025-04-13 06:33:58.445957453,2025-04-13 12:02:30.032369821,5.475,2
CASE_000055,2025-05-05 01:06:45.740641342,2025-05-05 02:47:54.866849047,1.686,1
CASE_000056,2024-02-14 15:17:32.953683483,2024-02-14 15:26:56.593889038,0.157,0
CASE_000057,2025-02-12 12:59:14.698809655,2025-02-12 13:20:54.996136271,0.361,0
CASE_000060,2024-02-16 10:12:41.716443199,2024-02-16 15:13:13.940239931,5.009,2
CASE_000063,2025-05-13 05:33:37.893953224,2025-05-13 07:24:15.235648705,1.844,1
CASE_000064,2024-01-21 14:19:22.443990734,2024-01-22 01:40:19.892696272,11.349,3
CASE_000065,2025-05-27 12:32:56.458985172,2025-05-27 16:27:03.765706564,3.902,2
CASE_000073,2024-01-20 05:56:13.097864775,2024-01-20 08:20:35.046273981,2.406,1
CASE_000074,2024-08-06 08:37:33.280300599,2024-08-06 14:13:48.399675006,5.604,2
CASE_000077,2024-12-23 14:05:28.557849893,2024-12-23 16:25:14.602726449,2.329,1
CASE_000078,2025-08-21 08:11:46.025801032,2025-08-21 11:34:35.631226553,3.38,2
CASE_000079,2025-07-11 16:24:18.843868515,2025-07-12 02:10:02.651966236,9.762,3
CASE_000082,2024-03-19 07:50:15.593739610,2024-03-19 09:15:55.211707774,1.428,1
CASE_000083,2024-05-24 05:56:18.071517822,2024-05-24 10:51:39.670596949,4.923,2
CASE_000084,2024-05-01 00:55:00.490144612,2024-05-01 07:08:05.022335427,6.218,3
CASE_000090,2024-06-19 15:38:41.117809093,2024-06-19 17:57:40.908426324,2.317,1
CASE_000092,2024-08-31 10:27:56.191317650,2024-08-31 15:03:29.266789089,4.593,2
CASE_000097,2025-09-17 23:20:55.100959634,2025-09-18 05:51:25.464263149,6.508,3
CASE_000098,2024-03-13 05:23:35.469426515,2024-03-13 06:10:08.302426501,0.776,0
CASE_000100,2025-08-09 00:36:30.418965112,2025-08-09 08:27:58.777905413,7.858,3
CASE_000101,2025-02-19 21:57:12.848589406,2025-02-20 07:58:05.756208370,10.015,3
CASE_000104,2025-03-10 19:20:47.835414598,2025-03-10 19:24:09.746284720,0.056,0
CASE_000105,2025-04-29 04:04:32.575153541,2025-04-29 11:30:48.117846948,7.438,3
CASE_000107,2024-03-07 08:22:22.907132225,2024-03-07 08:25:39.802849886,0.055,0
CASE_000110,2024-12-25 16:37:23.930640856,2024-12-25 17:06:21.749268638,0.483,0
CASE_000112,2024-09-12 06:31:55.425355032,2024-09-12 14:36:19.382621533,8.073,3
CASE_000113,2025-01-01 19:59:20.311752741,2025-01-01 21:36:40.871587978,1.622,1
CASE_000115,2024-10-10 19:16:52.391606628,2024-10-10 19:44:02.644379714,0.453,0
CASE_000120,2024-10-25 03:03:30.742619010,2024-10-25 03:21:27.455745980,0.299,0
CASE_000121,2024-02-13 12:02:21.493707881,2024-02-13 12:09:35.688485003,0.121,0
CASE_000122,2024-02-03 14:57:48.109751717,2024-02-03 16:55:04.197764635,1.954,1
CASE_000123,2024-12-24 05:49:07.724681062,2024-12-24 09:08:17.234077233,3.319,2
CASE_000126,2024-11-14 05:16:41.166766924,2024-11-14 07:50:13.190057381,2.559,1
CASE_000128,2025-01-25 15:32:59.547915553,2025-01-25 18:56:20.151010133,3.389,2
CASE_000129,2024-09-09 06:11:43.011455531,2024-09-10 13:54:57.413515144,31.721,4
CASE_000131,2024-07-11 18:15:47.289406088,2024-07-11 20:31:01.923409934,2.254,1
CASE_000133,2024-11-25 01:31:45.075612385,2024-11-25 06:08:46.044842676,4.617,2
CASE_000134,2025-08-22 14:49:13.452071730,2025-08-22 19:47:14.902463312,4.967,2
CASE_000135,2024-12-20 11:38:36.887141860,2024-12-20 18:38:08.148914430,6.992,3
CASE_000137,2025-08-08 09:03:22.436922557,2025-08-09 11:52:42.975943355,26.822,4
CASE_000138,2025-03-20 22:53:09.579743427,2025-03-21 07:06:54.198114264,8.229,3
CASE_000139,2024-04-30 12:40:34.636032199,2024-05-01 01:07:15.374494250,12.445,4
CASE_000141,2025-05-13 04:29:47.845675123,2025-05-13 13:39:00.734315318,9.154,3
CASE_000142,2024-09-16 18:54:08.577729187,2024-09-17 07:24:15.377201805,12.502,4
CASE_000144,2024-02-19 17:29:12.722999333,2024-02-19 18:38:47.124362941,1.16,1
CASE_000145,2024-10-13 05:42:45.126204285,2024-10-13 07:34:36.712137260,1.864,1
CASE_000146,2025-05-04 02:54:51.595515210,2025-05-04 07:40:06.470314761,4.754,2
CASE_000149,2024-08-28 21:08:58.060435705,2024-08-29 09:13:39.355966584,12.078,4
CASE_000150,2024-04-28 18:03:20.909982298,2024-04-28 21:03:56.578263151,3.01,2
CASE_000152,2024-05-23 17:52:00.916985703,2024-05-23 18:13:12.288081859,0.353,0
CASE_000154,2025-06-08 05:41:00.923631422,2025-06-08 13:15:10.793857911,7.569,3
CASE_000155,2025-03-21 12:59:43.873757721,2025-03-21 15:01:10.534560646,2.024,1
CASE_000156,2024-12-16 05:46:13.886474163,2024-12-16 18:17:46.369757624,12.526,4
CASE_000158,2024-05-08 18:48:41.230931561,2024-05-10 00:07:21.374230333,29.311,4
CASE_000160,2025-08-20 12:59:27.681138145,2025-08-20 20:50:35.967428290,7.852,3
CASE_000165,2024-06-16 22:23:44.026439689,2024-06-17 01:42:54.057869537,3.319,2
CASE_000166,2024-03-24 10:28:30.090463868,2024-03-24 11:35:35.119707685,1.118,1
CASE_000173,2025-05-03 14:41:17.408892928,2025-05-03 17:33:06.781728200,2.864,1
CASE_000175,2025-05-14 15:27:34.670597984,2025-05-15 02:15:26.390089942,10.798,3
CASE_000176,2024-05-13 01:02:19.154326166,2024-05-13 16:22:22.512466879,15.334,4
CASE_000177,2024-03-13 07:33:47.119262410,2024-03-13 12:05:17.491606363,4.525,2
CASE_000180,2024-11-15 10:02:11.871279776,2024-11-15 12:38:19.100152155,2.602,1
CASE_000181,2024-11-20 16:55:10.412324796,2024-11-20 19:05:25.783634397,2.171,1
CASE_000182,2024-12-11 11:01:57.265961820,2024-12-11 20:08:13.104974119,9.104,3
CASE_000184,2024-02-27 03:56:59.879822675,2024-02-27 04:41:06.613834730,0.735,0
CASE_000185,2024-04-18 14:27:13.933105213,2024-04-18 20:35:05.399428936,6.131,3
CASE_000187,2025-05-15 13:25:56.585477870,2025-05-15 17:51:53.167023595,4.432,2
CASE_000188,2024-04-27 02:41:05.533700044,2024-04-27 11:35:09.421157739,8.901,3
CASE_000189,2024-02-01 09:51:20.889776571,2024-02-01 12:55:23.074135179,3.067,2
CASE_000190,2024-07-23 07:07:04.757427026,2024-07-23 09:50:56.554438727,2.731,1
CASE_000192,2024-01-13 23:12:35.178408491,2024-01-14 09:38:49.835969087,10.437,3
CASE_000193,2024-07-15 21:50:32.125669891,2024-07-16 15:47:16.295073178,17.946,4
CASE_000197,2024-12-21 06:38:55.805916707,2024-12-21 14:15:07.763911900,7.603,3
CASE_000198,2024-10-18 02:50:50.673422267,2024-10-18 02:51:24.710315278,0.009,0
CASE_000201,2025-05-04 16:01:35.265810307,2025-05-04 16:20:27.855129277,0.315,0
CASE_000202,2024-08-20 06:21:22.940775490,2024-08-20 23:07:06.435072447,16.762,4
CASE_000203,2024-10-19 18:54:25.042609893,2024-10-19 20:14:38.165505512,1.337,1
CASE_000204,2025-04-14 14:11:34.824318851,2025-04-14 18:59:43.260404148,4.802,2
CASE_000206,2024-01-13 13:03:00.166457537,2024-01-14 00:44:35.937427433,11.693,3
CASE_000208,2025-06-08 11:45:23.994820188,2025-06-09 04:17:15.806257461,16.531,4
CASE_000209,2025-06-20 20:29:26.351552931,2025-06-21 01:34:34.587508531,5.086,2
CASE_000213,2024-03-27 18:23:26.036238687,2024-03-27 22:11:50.422688448,3.807,2
CASE_000214,2025-06-26 03:32:45.678388325,2025-06-26 05:46:59.378010841,2.237,1
CASE_000217,2024-07-06 19:42:10.501492201,2024-07-06 20:43:15.472967817,1.018,1
CASE_000219,2025-02-24 13:26:36.084987070,2025-02-25 05:50:54.834060192,16.405,4
CASE_000220,2024-03-29 03:56:17.711145840,2024-03-29 07:16:40.651641983,3.34,2
CASE_000221,2024-04-06 07:08:23.896889994,2024-04-06 10:30:19.598914448,3.365,2
CASE_000223,2024-09-14 16:46:01.115640664,2024-09-14 17:58:29.979211324,1.208,1
CASE_000224,2025-03-28 07:28:33.657225897,2025-03-28 10:01:20.011701703,2.546,1
CASE_000228,2024-05-27 04:34:54.946206698,2024-05-27 09:31:53.047815686,4.949,2
CASE_000234,2024-05-02 10:38:36.352455819,2024-05-03 01:06:22.440114909,14.463,4
CASE_000235,2024-01-09 22:21:28.524867502,2024-01-09 23:02:21.127176211,0.681,0
CASE_000236,2025-01-30 15:25:15.712345886,2025-01-30 17:28:42.450503159,2.057,1
CASE_000238,2024-11-22 00:27:53.741491760,2024-11-22 03:39:39.116136558,3.196,2
CASE_000239,2024-07-23 00:40:56.396643845,2024-07-23 02:01:42.901066737,1.346,1
CASE_000244,2024-05-20 09:29:52.230863171,2024-05-20 12:49:27.878087739,3.327,2
CASE_000245,2024-02-14 03:43:11.679692718,2024-02-14 08:15:02.847611192,4.531,2
CASE_000246,2025-08-18 17:53:50.612797904,2025-08-18 23:15:17.506249726,5.357,2
CASE_000248,2024-12-02 18:24:02.683406920,2024-12-02 21:45:07.583087220,3.351,2
CASE_000249,2025-03-06 21:25:50.305430404,2025-03-07 00:46:37.363116198,3.346,2
CASE_000251,2024-08-06 14:34:50.684390950,2024-08-06 18:21:31.923415610,3.778,2
CASE_000252,2024-10-13 07:57:36.935065020,2024-10-13 08:05:58.011153154,0.139,0
CASE_000253,2025-01-16 05:28:34.472563665,2025-01-16 07:20:10.923719882,1.86,1
CASE_000254,2025-07-03 14:25:54.506407430,2025-07-03 16:43:16.054593222,2.289,1
CASE_000256,2025-05-05 14:15:40.975052633,2025-05-05 16:34:12.213778581,2.309,1
CASE_000259,2024-04-13 11:34:36.430379942,2024-04-13 18:12:27.086557980,6.631,3
CASE_000261,2025-03-15 05:33:36.304150658,2025-03-15 23:15:34.853065846,17.7,4
CASE_000263,2024-02-05 05:45:48.130085221,2024-02-05 11:19:50.062612254,5.567,2
CASE_000268,2024-06-13 06:26:16.861286144,2024-06-13 10:28:36.370116184,4.039,2
CASE_000270,2025-06-29 04:23:11.121452301,2025-06-29 15:36:14.161917932,11.218,3
CASE_000271,2024-06-10 17:42:07.664493241,2024-06-11 04:47:29.194122413,11.089,3
CASE_000273,2024-11-18 01:15:09.289174854,2024-11-18 15:48:49.330270203,14.561,4
CASE_000274,2025-02-23 20:26:38.286221171,2025-02-24 00:25:28.832533493,3.981,2
CASE_000275,2024-12-19 00:00:35.188270817,2024-12-19 03:58:32.729637894,3.966,2
CASE_000276,2025-04-19 23:42:10.417539576,2025-04-20 01:28:09.296459859,1.766,1
CASE_000277,2025-03-13 12:49:46.203115346,2025-03-14 06:16:03.107631527,17.438,4
CASE_000279,2025-01-21 20:30:37.755628537,2025-01-21 21:15:47.516827727,0.753,0
CASE_000281,2025-04-03 04:56:33.057932520,2025-04-03 06:41:00.718829774,1.741,1
CASE_000283,2025-05-16 05:39:01.880916751,2025-05-16 08:26:25.004332903,2.79,1
CASE_000287,2024-08-29 00:57:20.123405209,2024-08-29 14:15:36.843325991,13.305,4
CASE_000288,2024-01-18 20:08:01.183834777,2024-01-19 04:03:15.454797236,7.921,3
CASE_000289,2024-05-26 10:41:17.373153539,2024-05-26 22:51:38.226069483,12.172,4
CASE_000290,2024-01-20 18:27:33.611544454,2024-01-20 20:18:46.849600079,1.854,1
CASE_000294,2024-04-08 16:12:51.902392009,2024-04-08 22:08:15.124692668,5.923,2
CASE_000297,2024-10-29 20:05:05.099029230,2024-10-29 21:49:18.203443764,1.737,1
CASE_000299,2025-08-26 03:16:55.660677558,2025-08-26 05:10:10.385592386,1.887,1
CASE_000300,2024-01-23 00:05:56.557276717,2024-01-23 02:57:00.869216505,2.851,1
CASE_000309,2025-07-20 05:48:25.584973477,2025-07-20 07:45:40.799219071,1.954,1
CASE_000310,2025-06-15 17:25:10.018686531,2025-06-15 18:43:24.286697784,1.304,1
CASE_000311,2025-07-03 16:09:34.220711015,2025-07-04 00:50:02.493406767,8.675,3
CASE_000312,2025-05-11 18:33:30.521369575,2025-05-11 21:22:31.938158107,2.817,1
CASE_000313,2024-02-24 02:58:08.467322849,2024-02-25 11:20:36.555733653,32.374,4
CASE_000316,2025-04-11 23:36:20.119763726,2025-04-12 03:15:44.307384928,3.657,2
CASE_000318,2025-09-04 14:43:31.383339152,2025-09-05 00:36:47.795135469,9.888,3
CASE_000319,2024-11-26 11:26:15.915323750,2024-11-26 18:01:07.585636507,6.581,3
CASE_000320,2024-01-19 02:59:33.458857710,2024-01-19 03:12:17.832430758,0.212,0
CASE_000321,2024-02-23 22:41:20.578862224,2024-02-24 06:13:47.429599842,7.541,3
CASE_000324,2024-06-01 00:37:34.257903241,2024-06-01 03:08:01.611035663,2.508,1
CASE_000326,2024-07-28 21:33:02.381066986,2024-07-29 00:04:39.195199292,2.527,1
CASE_000329,2024-12-15 02:20:40.388693723,2024-12-15 08:47:54.426087258,6.454,3
CASE_000330,2024-06-06 01:34:53.005260335,2024-06-06 07:47:41.056729359,6.213,3
CASE_000331,2024-04-11 05:06:17.758715742,2024-04-11 13:18:28.341008433,8.203,3
CASE_000332,2024-03-20 10:02:33.875882165,2024-03-20 18:29:54.725420234,8.456,3
CASE_000334,2024-02-11 17:19:56.566290938,2024-02-11 21:16:10.077439729,3.937,2
CASE_000335,2024-10-31 00:33:19.368652830,2024-10-31 04:17:19.244815584,3.733,2
CASE_000337,2025-04-07 12:32:54.333061938,2025-04-07 16:57:27.559738925,4.409,2
CASE_000339,2024-04-27 19:06:01.328429367,2024-04-27 21:30:54.587993393,2.415,1
CASE_000340,2024-09-01 06:46:30.939518568,2024-09-01 07:26:49.281124857,0.672,0
CASE_000345,2025-05-16 20:16:14.635357265,2025-05-16 20:42:40.311837009,0.44,0
CASE_000350,2024-01-07 14:11:51.876748465,2024-01-07 18:21:49.174436429,4.166,2
CASE_000353,2024-09-28 22:08:39.734265281,2024-09-29 00:29:50.744439917,2.353,1
CASE_000354,2024-07-20 11:48:53.487020268,2024-07-20 15:54:58.926502396,4.102,2
CASE_000355,2025-09-14 07:26:11.221617170,2025-09-14 09:34:07.007195807,2.132,1
CASE_000357,2024-09-29 15:01:21.479977584,2024-09-29 16:19:24.831089655,1.301,1
CASE_000358,2024-10-20 02:59:58.689473281,2024-10-20 06:20:57.074201657,3.35,2
CASE_000362,2024-09-24 06:25:50.665381804,2024-09-24 07:07:44.158362546,0.698,0
CASE_000363,2024-04-19 16:31:34.354300221,2024-04-19 18:04:22.501494909,1.547,1
CASE_000364,2025-02-04 21:46:18.448744783,2025-02-05 02:46:50.500979667,5.009,2
CASE_000365,2024-09-26 11:22:01.087744337,2024-09-26 12:14:04.881103294,0.868,0
CASE_000373,2024-03-10 00:26:30.914392852,2024-03-10 03:28:57.767608825,3.041,2
CASE_000375,2024-01-09 04:20:48.304432234,2024-01-09 04:26:42.974455004,0.099,0
CASE_000378,2024-01-26 15:08:33.383146000,2024-01-26 17:39:38.013337834,2.518,1
CASE_000379,2024-01-17 15:03:10.499361650,2024-01-17 22:59:45.318612321,7.943,3
CASE_000380,2024-11-30 09:57:46.104371273,2024-11-30 13:06:59.436073800,3.154,2
CASE_000381,2024-08-23 15:29:08.399447364,2024-08-23 15:40:17.026004537,0.186,0
CASE_000383,2024-05-26 07:07:01.866718254,2024-05-26 09:34:18.658147458,2.455,1
CASE_000386,2024-12-09 22:07:57.900772993,2024-12-09 22:27:15.640360486,0.322,0
CASE_000387,2024-05-12 19:05:47.640344246,2024-05-12 22:14:18.789344703,3.142,2
CASE_000389,2025-07-16 23:58:54.129024184,2025-07-17 09:02:13.121096817,9.055,3
CASE_000390,2025-02-04 10:51:27.321117038,2025-02-05 00:30:23.476234351,13.649,4
CASE_000391,2024-12-04 02:35:42.660499056,2024-12-04 03:20:14.756492990,0.742,0
CASE_000395,2025-07-15 13:37:17.980606823,2025-07-15 18:29:23.869083365,4.868,2
CASE_000397,2024-09-29 18:26:20.830405769,2024-09-29 23:30:28.667022899,5.069,2
CASE_000399,2025-01-03 18:34:40.800933316,2025-01-04 00:41:31.683393877,6.114,3
CASE_000400,2025-06-30 17:37:13.420260138,2025-06-30 23:54:29.708005928,6.288,3
CASE_000403,2025-04-12 00:01:34.460589451,2025-04-12 02:08:04.895896410,2.108,1
CASE_000404,2025-06-07 03:12:30.106832626,2025-06-07 03:21:59.911548128,0.158,0
CASE_000409,2024-10-21 02:15:27.611950997,2024-10-21 06:15:52.992984853,4.007,2
CASE_000413,2025-08-31 15:29:22.145239941,2025-08-31 20:54:43.278708184,5.423,2
CASE_000414,2025-01-13 10:26:46.289864725,2025-01-13 19:26:41.053482204,8.999,3
CASE_000415,2025-01-02 16:09:37.422624948,2025-01-02 18:17:09.289327624,2.126,1
CASE_000417,2024-09-24 15:57:31.639321866,2024-09-24 19:01:09.696220405,3.061,2
CASE_000418,2025-09-15 22:23:59.514302099,2025-09-16 01:51:39.539493548,3.461,2
CASE_000421,2024-10-18 13:12:39.436872708,2024-10-18 14:23:47.895263079,1.186,1
CASE_000423,2024-04-07 04:22:43.821124424,2024-04-07 07:26:38.429576831,3.065,2
CASE_000424,2024-05-05 19:27:53.453279129,2024-05-05 20:33:37.812590107,1.096,1
CASE_000425,2025-01-15 05:56:15.920094255,2025-01-15 08:07:39.495395343,2.19,1
CASE_000426,2024-02-20 11:38:02.907990061,2024-02-20 22:43:05.415031289,11.084,3
CASE_000431,2025-04-08 15:43:46.553843564,2025-04-08 16:22:13.979155715,0.641,0
CASE_000434,2025-06-09 20:19:05.987364041,2025-06-10 06:13:24.182201286,9.905,3
CASE_000435,2024-04-16 03:40:13.555180671,2024-04-16 04:30:22.702632111,0.836,0
CASE_000436,2024-01-03 10:13:43.686762153,2024-01-03 15:39:15.512164451,5.426,2
CASE_000437,2025-03-28 17:49:28.475459472,2025-03-28 19:14:49.680598108,1.423,1
CASE_000439,2025-06-05 17:23:46.190051416,2025-06-06 00:03:02.459228099,6.655,3
CASE_000440,2024-12-05 20:19:49.286255965,2024-12-06 11:26:58.761345951,15.119,4
CASE_000441,2024-01-29 06:15:10.959188509,2024-01-29 08:37:22.881348286,2.37,1
CASE_000443,2024-10-25 01:28:47.615180169,2024-10-25 13:11:34.656559815,11.713,3
CASE_000446,2024-08-19 08:47:52.237699573,2024-08-19 12:51:47.241223612,4.065,2
CASE_000448,2024-12-16 19:43:30.115927701,2024-12-17 03:13:07.860731427,7.494,3
CASE_000452,2024-07-21 19:54:38.019401750,2024-07-22 07:18:39.041578776,11.4,3
CASE_000453,2025-04-26 08:40:11.294096147,2025-04-26 12:16:38.567565719,3.608,2
CASE_000454,2024-02-07 04:18:46.698510367,2024-02-07 07:29:56.122487000,3.186,2
CASE_000455,2024-07-14 08:44:28.321828686,2024-07-14 11:16:29.245116061,2.534,1
CASE_000459,2024-05-09 18:38:12.551113292,2024-05-10 06:16:49.984108726,11.644,3
CASE_000460,2025-05-17 00:10:42.461565533,2025-05-17 01:49:39.990478805,1.649,1
CASE_000465,2024-05-12 11:25:01.899256053,2024-05-12 13:21:26.016966984,1.94,1
CASE_000469,2025-07-30 05:35:31.391312392,2025-07-30 06:39:58.690817109,1.074,1
CASE_000470,2025-04-11 09:42:02.683288702,2025-04-11 19:29:27.270284336,9.79,3
CASE_000482,2025-09-02 06:43:15.998581243,2025-09-02 15:20:10.466125945,8.615,3
CASE_000483,2025-02-15 17:20:54.716512190,2025-02-15 18:59:50.956630752,1.649,1
CASE_000485,2024-01-22 18:26:17.253578940,2024-01-22 18:44:09.260542805,0.298,0
CASE_000489,2024-12-06 20:12:27.174273728,2024-12-06 21:10:57.861635811,0.975,0
CASE_000491,2024-01-29 22:50:05.126629973,2024-01-30 20:20:47.172023585,21.512,4
CASE_000492,2025-01-21 03:30:16.995380422,2025-01-21 05:32:46.349407582,2.041,1
CASE_000494,2024-07-23 19:11:27.931078748,2024-07-23 22:15:34.595110631,3.069,2
CASE_000496,2025-06-16 05:59:19.953307783,2025-06-16 20:14:18.539508600,14.25,4
CASE_000499,2024-04-11 12:35:59.566873352,2024-04-11 15:33:25.676678365,2.957,1
CASE_000500,2025-06-10 15:04:27.857365330,2025-06-10 23:13:35.165466185,8.152,3
CASE_000501,2024-05-25 21:36:03.978405566,2024-05-26 14:57:55.467269114,17.364,4
CASE_000503,2025-05-18 10:56:50.865560218,2025-05-18 19:05:12.060717716,8.139,3
CASE_000504,2025-08-08 04:54:27.749509521,2025-08-08 09:54:51.406266008,5.007,2
CASE_000508,2025-02-25 21:20:33.866005593,2025-02-26 05:44:06.016952857,8.392,3
CASE_000509,2024-12-05 22:51:33.200604510,2024-12-06 03:44:09.127949328,4.877,2
CASE_000510,2025-08-29 21:37:12.020077222,2025-08-31 03:47:49.103263168,30.177,4
CASE_000511,2025-01-31 04:29:02.420035266,2025-01-31 06:02:56.950558948,1.565,1
CASE_000514,2024-08-02 22:11:24.953419983,2024-08-03 07:24:55.071204199,9.225,3
CASE_000515,2024-09-06 10:56:42.343231084,2024-09-06 11:54:07.524511531,0.957,0
CASE_000520,2025-02-02 21:50:00.358956864,2025-02-02 22:02:41.016445989,0.211,0
CASE_000521,2024-06-27 18:37:13.814328863,2024-06-27 23:12:32.171353227,4.588,2
CASE_000523,2024-02-21 19:19:45.321292911,2024-02-21 21:34:07.048307173,2.239,1
CASE_000524,2024-12-29 21:27:29.256202248,2024-12-30 00:43:17.283444218,3.263,2
CASE_000527,2024-04-17 10:50:47.569086117,2024-04-17 17:05:00.345965915,6.237,3
CASE_000528,2024-08-30 09:49:04.370674392,2024-08-30 11:46:34.069235820,1.958,1
CASE_000529,2025-06-30 15:48:50.357690278,2025-07-01 04:56:52.811429966,13.134,4
CASE_000530,2024-05-18 14:58:41.724394922,2024-05-18 20:12:07.536945413,5.224,2
CASE_000531,2025-08-19 18:25:00.567304707,2025-08-19 22:03:00.742122869,3.633,2
CASE_000532,2025-02-03 06:32:24.484654878,2025-02-04 10:42:01.828091577,28.16,4
CASE_000533,2024-10-31 19:12:50.202255659,2024-10-31 23:02:19.429501580,3.825,2
CASE_000539,2024-03-24 17:45:53.368415687,2024-03-24 19:51:14.654531052,2.089,1
CASE_000540,2025-02-05 10:12:57.224387634,2025-02-05 16:24:02.698118523,6.185,3
CASE_000541,2025-04-07 15:34:27.612316612,2025-04-07 18:23:25.871127920,2.816,1
CASE_000542,2025-02-21 02:50:25.079732231,2025-02-21 13:43:24.546202947,10.883,3
CASE_000546,2025-06-14 23:14:32.503602207,2025-06-15 00:34:14.651304898,1.328,1
CASE_000547,2025-05-08 09:06:40.102418060,2025-05-08 17:14:03.579800351,8.123,3
CASE_000548,2025-08-10 08:59:00.750704458,2025-08-10 10:30:28.604807069,1.524,1
CASE_000549,2024-09-19 07:46:42.409587487,2024-09-19 15:46:57.765334665,8.004,3
CASE_000555,2025-01-21 17:23:28.186867397,2025-01-21 22:44:35.641840843,5.352,2
CASE_000558,2024-01-26 15:48:18.987082057,2024-01-26 18:30:30.668274564,2.703,1
CASE_000559,2024-11-13 01:08:22.166276169,2024-11-13 13:40:47.966109054,12.54,4
CASE_000560,2025-05-30 04:09:37.416326109,2025-05-30 14:11:32.793542301,10.032,3
CASE_000561,2024-11-16 05:58:27.590613084,2024-11-16 07:56:25.787086717,1.966,1
CASE_000563,2024-08-20 02:22:12.774024296,2024-08-20 11:45:26.488914331,9.387,3
CASE_000565,2025-08-01 11:16:08.305504099,2025-08-01 11:24:55.749808233,0.147,0
CASE_000566,2024-01-04 14:11:30.470993786,2024-01-04 14:37:06.088365343,0.427,0
CASE_000571,2024-02-17 16:58:46.748426697,2024-02-18 00:04:21.763995610,7.093,3
CASE_000572,2024-03-25 11:18:34.573451642,2024-03-25 13:47:57.658956730,2.49,1
CASE_000573,2024-03-21 08:38:34.133039709,2024-03-22 00:21:32.316586532,15.716,4
CASE_000575,2025-09-15 05:57:57.160750010,2025-09-15 07:45:07.707322088,1.786,1
CASE_000576,2025-01-24 14:53:10.956462300,2025-01-24 18:13:53.262254813,3.345,2
CASE_000577,2024-07-01 15:57:36.019602398,2024-07-01 16:55:06.264020084,0.958,0
CASE_000582,2024-09-25 14:22:54.839992394,2024-09-26 03:41:24.931057620,13.308,4
CASE_000583,2025-04-05 02:04:08.143496552,2025-04-05 05:21:02.377046883,3.282,2
CASE_000585,2024-12-11 09:21:20.237892610,2024-12-11 13:08:21.294256724,3.784,2
CASE_000589,2025-05-07 14:30:57.588036830,2025-05-07 15:58:53.393243409,1.466,1
CASE_000592,2025-04-01 03:43:59.554046682,2025-04-01 04:34:20.392459058,0.839,0
CASE_000593,2024-06-10 03:53:49.108747762,2024-06-10 06:59:53.657694791,3.101,2
CASE_000594,2025-01-10 20:19:35.731654831,2025-01-11 04:58:09.831675113,8.643,3
CASE_000595,2025-08-01 13:42:19.883570262,2025-08-01 21:00:49.973262839,7.308,3
CASE_000597,2024-08-09 14:14:05.867492059,2024-08-09 18:02:51.823651262,3.813,2
CASE_000599,2024-12-11 19:10:11.141981922,2024-12-12 11:45:07.349236968,16.582,4
CASE_000601,2024-06-26 18:46:44.422514789,2024-06-27 00:56:09.628240866,6.157,3
CASE_000603,2024-11-18 17:59:38.154249041,2024-11-18 20:36:50.649192398,2.62,1
CASE_000605,2024-07-22 03:56:25.433620036,2024-07-22 05:50:25.395507948,1.9,1
CASE_000606,2025-09-17 02:59:59.775948486,2025-09-18 00:19:35.497841916,21.327,4
CASE_000608,2024-11-05 15:45:05.087701034,2024-11-05 18:16:16.165507396,2.52,1
CASE_000610,2024-01-28 22:09:06.758274722,2024-01-29 10:56:56.670024588,12.797,4
CASE_000611,2024-05-01 03:55:50.377726071,2024-05-01 06:09:04.917556419,2.221,1
CASE_000612,2025-06-20 10:29:28.763817340,2025-06-20 14:05:06.749782406,3.594,2
CASE_000614,2024-08-16 11:06:33.215447790,2024-08-16 22:38:54.140320459,11.539,3
CASE_000616,2024-10-17 01:56:49.230933803,2024-10-17 05:26:47.425856424,3.499,2
CASE_000617,2025-05-19 19:30:33.177005611,2025-05-19 21:30:02.040810708,1.991,1
CASE_000620,2025-02-19 04:43:57.155495320,2025-02-19 12:28:12.745400544,7.738,3
CASE_000621,2025-08-13 14:58:32.553584756,2025-08-13 16:06:03.985756312,1.125,1
CASE_000624,2024-08-18 17:36:31.535023404,2024-08-18 18:26:59.782934680,0.841,0
CASE_000630,2024-06-18 05:20:00.002008533,2024-06-18 07:13:24.071733379,1.89,1
CASE_000633,2024-03-23 04:45:51.824303732,2024-03-23 18:47:29.928958514,14.027,4
CASE_000635,2025-07-04 02:45:34.308879476,2025-07-04 03:59:07.529810730,1.226,1
CASE_000637,2024-08-25 16:02:39.577544381,2024-08-25 19:22:25.031612647,3.329,2
CASE_000640,2024-10-25 03:03:00.066116702,2024-10-25 05:20:56.079626789,2.299,1
CASE_000644,2025-06-30 12:39:32.937823142,2025-06-30 14:59:11.544707774,2.327,1
CASE_000645,2024-04-07 14:33:22.252621655,2024-04-07 15:01:39.008974466,0.471,0
CASE_000648,2024-09-17 23:34:06.032829074,2024-09-18 06:32:14.934524355,6.969,3
CASE_000651,2025-05-13 09:57:47.904324619,2025-05-13 10:18:55.906893737,0.352,0
CASE_000653,2025-06-13 14:22:49.449987832,2025-06-13 17:05:23.856247057,2.71,1
CASE_000654,2025-03-16 12:18:37.288486258,2025-03-16 18:20:40.496128301,6.034,3
CASE_000655,2024-08-26 04:51:09.400259161,2024-08-26 05:07:54.801874216,0.279,0
CASE_000657,2024-06-28 10:21:42.989254038,2024-06-29 15:03:46.247952228,28.701,4
CASE_000658,2024-08-08 16:54:07.509414360,2024-08-09 03:44:44.700729690,10.844,3
CASE_000664,2025-03-31 12:50:06.409885529,2025-03-31 22:59:56.626111115,10.164,3
CASE_000667,2024-01-16 18:39:51.632159732,2024-01-16 20:21:05.790453820,1.687,1
CASE_000668,2024-06-16 22:55:30.083927528,2024-06-16 23:06:31.454659944,0.184,0
CASE_000672,2024-02-09 14:05:22.809849853,2024-02-09 14:44:17.065781349,0.648,0
CASE_000673,2024-08-26 01:23:07.963526346,2024-08-26 05:53:13.396479502,4.502,2
CASE_000674,2024-03-17 04:16:36.982195127,2024-03-17 09:43:36.267799042,5.45,2
CASE_000676,2024-04-22 19:03:34.009486009,2024-04-22 19:23:54.078032626,0.339,0
CASE_000677,2025-08-13 13:38:30.196916314,2025-08-14 00:45:28.825440002,11.116,3
CASE_000681,2024-09-06 05:42:22.659291246,2024-09-06 18:22:22.330144749,12.667,4
CASE_000682,2024-01-28 03:12:29.349268360,2024-01-28 04:17:28.141984815,1.083,1
CASE_000683,2024-10-27 09:33:48.572597725,2024-10-27 12:24:35.019553115,2.846,1
CASE_000685,2024-02-24 12:10:46.354460796,2024-02-24 13:25:13.290939874,1.241,1
CASE_000686,2024-11-23 19:59:57.084843380,2024-11-24 10:52:46.783867475,14.88,4
CASE_000687,2024-09-28 15:05:28.757680161,2024-09-29 01:58:39.416523838,10.886,3
CASE_000690,2025-08-23 13:25:45.741010272,2025-08-23 14:07:12.200086740,0.691,0
CASE_000693,2024-04-03 23:33:08.279945445,2024-04-04 00:28:01.418987431,0.915,0
CASE_000694,2024-05-16 13:36:18.712114002,2024-05-17 05:35:12.866960267,15.982,4
CASE_000695,2024-12-15 11:00:08.472633842,2024-12-15 14:20:13.182929701,3.335,2
CASE_000696,2025-08-20 17:14:43.501461228,2025-08-20 22:49:48.038307332,5.585,2
CASE_000697,2025-06-16 08:13:39.055039744,2025-06-16 13:22:50.952587781,5.153,2
CASE_000698,2024-03-08 13:29:31.245509488,2024-03-08 16:34:15.426621279,3.079,2
CASE_000704,2025-08-26 20:32:04.182460162,2025-08-26 23:45:35.094303596,3.225,2
CASE_000707,2025-07-17 21:07:25.697755921,2025-07-18 04:23:55.186661656,7.275,3
CASE_000712,2024-05-08 12:30:07.633471935,2024-05-09 18:28:14.953296472,29.969,4
CASE_000713,2025-01-09 12:57:58.155408311,2025-01-09 13:53:28.405885873,0.925,0
CASE_000720,2025-01-25 10:00:09.447789336,2025-01-25 22:53:30.552376553,12.889,4
CASE_000721,2025-08-16 18:36:50.654963219,2025-08-17 04:01:03.770692795,9.404,3
CASE_000722,2024-12-25 09:24:52.430853756,2024-12-25 13:55:39.104668285,4.513,2
CASE_000726,2024-06-25 14:33:42.089569675,2024-06-25 14:56:36.480471639,0.382,0
CASE_000727,2024-06-17 16:08:44.396170689,2024-06-18 01:02:16.733125060,8.892,3
CASE_000729,2024-01-05 14:14:11.202427926,2024-01-05 15:34:16.298244051,1.335,1
CASE_000735,2025-07-21 12:59:13.435519419,2025-07-21 19:28:08.074242580,6.482,3
CASE_000737,2024-07-14 15:12:19.156249073,2024-07-15 02:44:10.315434687,11.531,3
CASE_000738,2024-07-27 18:11:22.127777087,2024-07-27 18:44:59.025337994,0.56,0
CASE_000739,2024-07-14 22:56:35.498670985,2024-07-14 23:04:20.406746755,0.129,0
CASE_000740,2025-07-21 14:02:12.108887166,2025-07-21 16:32:30.053147334,2.505,1
CASE_000744,2025-04-13 01:49:45.104186347,2025-04-13 11:26:58.698227428,9.62,3
CASE_000745,2025-06-28 06:35:52.650898804,2025-06-28 18:55:56.838954566,12.334,4
CASE_000746,2024-08-16 16:22:28.899376055,2024-08-16 16:49:17.492917831,0.447,0
CASE_000751,2025-08-20 02:02:37.442868285,2025-08-20 19:43:38.416959983,17.684,4
CASE_000752,2025-07-13 10:26:05.484649614,2025-07-13 14:58:08.968086575,4.534,2
CASE_000754,2024-02-23 13:13:45.480490109,2024-02-23 15:27:55.760514577,2.236,1
CASE_000756,2025-09-09 19:41:26.911857796,2025-09-09 22:06:05.504419185,2.411,1
CASE_000758,2024-08-21 16:04:21.088005165,2024-08-22 02:10:27.362502492,10.102,3
CASE_000759,2024-04-05 14:34:26.152665439,2024-04-06 04:25:57.913869545,13.859,4
CASE_000761,2024-05-09 08:45:21.984909469,2024-05-09 11:57:01.554987218,3.194,2
CASE_000765,2024-05-26 16:40:04.921271415,2024-05-27 05:14:14.647537637,12.569,4
CASE_000767,2025-04-10 01:04:41.967596742,2025-04-10 08:18:42.335803163,7.233,3
CASE_000769,2024-03-20 17:10:09.154771804,2024-03-20 17:27:15.213561669,0.285,0
CASE_000773,2025-04-23 05:30:41.048947408,2025-04-23 15:52:49.661332180,10.369,3
CASE_000780,2025-02-08 15:36:28.580572644,2025-02-08 15:39:36.548303637,0.052,0
CASE_000781,2024-12-29 02:10:36.213708032,2024-12-29 02:20:44.121261267,0.169,0
CASE_000786,2024-07-03 03:45:57.041591212,2024-07-03 06:07:27.389246729,2.358,1
CASE_000789,2025-08-29 20:45:53.881058442,2025-08-29 22:04:32.165259085,1.311,1
CASE_000793,2024-03-26 14:39:48.801176581,2024-03-26 18:15:26.665236262,3.594,2
CASE_000795,2024-02-20 19:07:42.668833784,2024-02-20 19:38:32.719152134,0.514,0
CASE_000796,2024-11-04 22:48:25.893665043,2024-11-05 06:47:13.559433268,7.98,3
CASE_000797,2024-05-03 07:26:55.244428647,2024-05-03 13:42:05.213895434,6.253,3
CASE_000798,2025-03-12 15:05:29.317261986,2025-03-12 16:29:17.590778467,1.397,1
CASE_000799,2024-07-30 17:58:29.176358077,2024-07-30 21:01:57.223640453,3.058,2
CASE_000801,2025-05-24 14:08:06.471518420,2025-05-24 16:45:51.022243722,2.629,1
CASE_000803,2024-09-10 10:40:54.464934201,2024-09-10 13:49:45.047260763,3.147,2
CASE_000807,2025-05-12 01:12:22.877030540,2025-05-12 14:40:01.679330600,13.461,4
CASE_000810,2025-06-19 18:24:47.784945169,2025-06-19 19:48:21.099729981,1.393,1
CASE_000813,2025-09-08 20:17:45.001030654,2025-09-08 22:25:53.430944957,2.136,1
CASE_000814,2024-11-25 08:42:36.871239305,2024-11-25 15:48:19.345860288,7.095,3
CASE_000815,2024-01-03 04:20:34.531821929,2024-01-03 18:27:43.653302110,14.119,4
CASE_000816,2024-08-07 14:17:43.906077046,2024-08-07 16:07:52.957214238,1.836,1
CASE_000821,2024-06-26 22:10:07.520153027,2024-06-26 23:42:08.128554491,1.534,1
CASE_000822,2024-08-28 08:19:04.800732084,2024-08-28 12:35:25.937282633,4.273,2
CASE_000825,2024-08-11 05:23:28.718470764,2024-08-11 10:48:34.132422190,5.418,2
CASE_000827,2024-12-18 15:43:05.293926470,2024-12-18 18:41:01.399156992,2.966,1
CASE_000831,2025-06-22 16:25:15.313671590,2025-06-22 18:26:37.760362898,2.023,1
CASE_000832,2024-11-28 11:14:28.877432421,2024-11-28 12:23:30.935682638,1.151,1
CASE_000833,2025-05-29 09:43:38.031111087,2025-05-29 14:32:48.266692448,4.82,2
CASE_000834,2024-10-18 05:31:43.091643144,2024-10-18 09:43:09.494720846,4.191,2
CASE_000835,2024-01-02 01:27:05.250596514,2024-01-02 02:39:06.721301472,1.2,1
CASE_000838,2025-03-24 17:16:43.332838953,2025-03-24 17:31:44.726747434,0.25,0
CASE_000839,2024-03-17 04:34:08.645619568,2024-03-17 09:58:39.041160570,5.408,2
CASE_000841,2024-06-04 07:52:10.620549247,2024-06-04 08:07:02.762849041,0.248,0
CASE_000842,2025-01-09 05:44:26.364466595,2025-01-09 12:20:20.405543600,6.598,3
CASE_000844,2025-02-21 03:49:57.363137591,2025-02-21 07:36:33.522596702,3.777,2
CASE_000846,2024-07-09 18:38:04.484969683,2024-07-10 00:10:51.334393869,5.546,2
CASE_000849,2025-05-15 17:19:22.506987387,2025-05-15 18:30:03.615605295,1.178,1
CASE_000856,2025-06-20 06:57:32.878689576,2025-06-20 09:00:30.207183678,2.049,1
CASE_000857,2025-06-09 20:58:03.476996548,2025-06-09 21:49:36.311641120,0.859,0
CASE_000858,2024-10-04 15:57:12.264133545,2024-10-05 04:17:34.960609235,12.34,4
CASE_000861,2025-08-11 23:35:01.818884355,2025-08-12 08:38:58.055410248,9.066,3
CASE_000862,2024-07-31 08:01:28.165534040,2024-07-31 10:46:02.365624288,2.743,1
CASE_000863,2025-05-10 20:06:33.948443865,2025-05-10 21:13:48.203950016,1.121,1
CASE_000866,2024-05-22 18:26:51.682062359,2024-05-23 04:10:12.041232053,9.722,3
CASE_000867,2024-04-26 08:51:02.245063847,2024-04-26 18:58:00.743510791,10.116,3
CASE_000868,2025-01-11 04:39:58.169315709,2025-01-11 06:01:49.570085067,1.364,1
CASE_000871,2025-01-21 16:00:26.970215676,2025-01-21 17:28:52.268125765,1.474,1
CASE_000873,2024-07-25 23:50:56.165039373,2024-07-26 03:49:37.403413578,3.978,2
CASE_000874,2025-02-13 08:04:46.463546247,2025-02-13 08:13:50.902465338,0.151,0
CASE_000877,2024-01-09 03:33:07.625314783,2024-01-09 08:36:10.581103291,5.051,2
CASE_000881,2024-07-10 19:07:13.656045628,2024-07-11 15:24:02.350671865,20.28,4
CASE_000882,2025-07-14 13:23:52.069690627,2025-07-14 20:55:09.104408701,7.521,3
CASE_000884,2025-06-10 06:26:10.078740387,2025-06-10 09:16:05.103604380,2.832,1
CASE_000888,2024-06-06 15:56:58.368788226,2024-06-06 22:55:53.607846401,6.982,3
CASE_000890,2024-04-03 05:30:51.457365303,2024-04-03 10:28:07.078071801,4.954,2
CASE_000892,2024-02-29 08:30:08.354599931,2024-02-29 16:11:13.225423991,7.685,3
CASE_000893,2024-08-29 00:45:35.254968499,2024-08-29 04:48:18.276446949,4.045,2
CASE_000897,2024-03-11 18:55:06.251251003,2024-03-12 01:28:23.339914624,6.555,3
CASE_000898,2025-04-27 02:01:07.818933906,2025-04-27 06:03:26.279382090,4.038,2
CASE_000899,2025-02-15 22:37:31.729438551,2025-02-16 05:20:27.237946973,6.715,3
CASE_000901,2024-06-30 09:03:02.054845808,2024-06-30 12:06:56.104954923,3.065,2
CASE_000902,2024-06-12 19:02:06.245487205,2024-06-12 23:23:33.371851013,4.358,2
CASE_000906,2024-01-24 20:52:18.269007485,2024-01-25 02:43:15.764616337,5.849,2
CASE_000907,2024-08-24 23:34:01.110879068,2024-08-25 02:09:50.737556200,2.597,1
CASE_000909,2025-07-01 10:44:17.076763567,2025-07-01 20:16:58.363050295,9.545,3
CASE_000910,2025-07-02 15:33:02.899056451,2025-07-03 01:28:07.738482821,9.918,3
CASE_000911,2024-09-26 15:10:42.072241202,2024-09-26 18:30:14.701792318,3.326,2
CASE_000912,2024-08-25 07:22:41.896944287,2024-08-25 10:33:38.054819365,3.182,2
CASE_000917,2025-06-14 15:42:33.552188649,2025-06-14 18:30:07.159052385,2.793,1
CASE_000918,2024-10-30 17:38:32.732850323,2024-10-30 21:04:19.306270657,3.43,2
CASE_000919,2024-12-28 01:02:44.769216906,2024-12-28 07:51:01.849582180,6.805,3
CASE_000921,2024-12-08 20:18:35.252594567,2024-12-08 20:31:02.467375975,0.208,0
CASE_000924,2024-06-27 00:28:39.477938841,2024-06-27 08:44:09.792464488,8.258,3
CASE_000929,2025-07-08 14:58:13.894343642,2025-07-08 17:56:01.654845173,2.963,1
CASE_000935,2024-08-23 12:40:53.450927637,2024-08-23 12:45:21.370718271,0.074,0
CASE_000936,2025-01-17 03:09:31.740165918,2025-01-17 13:15:42.587708028,10.103,3
CASE_000937,2025-05-19 15:24:21.112454815,2025-05-20 20:08:57.006296213,28.743,4
CASE_000938,2024-02-10 08:09:50.599574095,2024-02-10 08:50:14.997820191,0.673,0
CASE_000940,2024-10-21 18:26:54.479545013,2024-10-21 23:53:00.981627935,5.435,2
CASE_000941,2024-09-14 12:33:02.869008425,2024-09-14 16:27:44.198813841,3.911,2
CASE_000942,2024-08-24 06:21:06.260217397,2024-08-24 14:08:21.555899082,7.788,3
CASE_000943,2024-09-15 04:19:11.809965619,2024-09-15 17:35:33.999025252,13.273,4
CASE_000944,2024-11-03 22:44:58.927940301,2024-11-04 00:33:08.454763099,1.803,1
CASE_000945,2025-07-05 00:42:44.043398427,2025-07-05 04:17:41.108003484,3.583,2
CASE_000947,2024-08-21 00:00:33.459738625,2024-08-21 09:47:56.580779668,9.79,3
CASE_000948,2024-07-07 02:52:23.656474148,2024-07-07 03:22:23.688335869,0.5,0
CASE_000950,2024-03-25 13:18:20.993007931,2024-03-25 18:27:23.257983104,5.151,2
CASE_000951,2025-04-12 08:25:58.039530857,2025-04-12 15:04:32.636697557,6.643,3
CASE_000953,2025-06-07 06:11:48.652633985,2025-06-07 06:39:22.222401513,0.459,0
CASE_000955,2025-07-22 14:08:15.756599240,2025-07-22 18:41:41.056405934,4.557,2
CASE_000958,2024-07-14 16:07:47.881268436,2024-07-15 01:04:23.996619852,8.943,3
CASE_000959,2024-08-07 21:21:54.860526150,2024-08-08 23:53:33.459813664,26.527,4
CASE_000960,2024-11-10 04:59:32.975217301,2024-11-11 08:31:11.485066318,27.527,4
CASE_000966,2025-09-04 09:17:09.484317135,2025-09-04 11:40:41.653052758,2.392,1
CASE_000970,2024-12-24 01:10:46.622254327,2024-12-24 02:20:10.658613978,1.157,1
CASE_000973,2025-06-23 14:04:40.211831655,2025-06-23 22:25:40.525088812,8.35,3
CASE_000974,2025-05-06 16:05:37.950723107,2025-05-06 16:36:53.321867905,0.521,0
CASE_000975,2024-03-09 21:29:24.454405136,2024-03-09 22:42:14.984113376,1.214,1
CASE_000977,2025-07-23 22:54:34.524232201,2025-07-24 07:40:14.622761636,8.761,3
CASE_000978,2025-06-04 20:28:27.455834832,2025-06-04 21:44:34.264988296,1.269,1
CASE_000979,2025-05-06 11:55:16.216349622,2025-05-06 18:13:16.430572145,6.3,3
CASE_000980,2024-12-23 02:50:57.124202542,2024-12-23 05:12:10.436125374,2.354,1
CASE_000981,2024-08-20 00:43:10.159198124,2024-08-20 03:01:02.185332323,2.298,1
CASE_000983,2025-04-09 09:01:27.254798734,2025-04-09 14:28:54.325816428,5.458,2
CASE_000984,2024-02-01 00:03:27.858887668,2024-02-01 02:25:09.921462120,2.362,1
CASE_000985,2024-12-29 14:47:15.014554054,2024-12-29 21:43:19.895704519,6.935,3
CASE_000988,2025-01-11 15:05:51.779754383,2025-01-11 18:42:07.341308467,3.604,2
CASE_000989,2025-07-22 14:41:13.456112303,2025-07-22 16:53:36.002648993,2.206,1
CASE_000991,2025-09-01 00:35:50.260738265,2025-09-01 01:53:50.943721538,1.3,1
CASE_000993,2024-04-13 20:00:48.302830596,2024-04-14 00:49:01.261654419,4.804,2
CASE_000996,2025-04-18 01:18:03.309924319,2025-04-18 05:20:43.029787219,4.044,2
CASE_000997,2025-07-23 03:56:35.704334653,2025-07-23 05:51:14.698642854,1.911,1
CASE_000998,2024-07-13 00:52:08.644982669,2024-07-13 05:49:17.070484621,4.952,2
CASE_000999,2025-02-12 03:56:15.524141202,2025-02-12 07:28:59.617666988,3.546,2
CASE_001000,2024-07-03 16:20:31.085461906,2024-07-03 17:06:27.525303280,0.766,0
CASE_001003,2024-08-24 04:51:47.111538441,2024-08-24 10:15:24.473944524,5.394,2
CASE_001004,2025-06-24 11:50:52.296587964,2025-06-24 17:49:44.567965233,5.981,2
CASE_001005,2024-09-30 13:35:44.619602006,2024-09-30 17:57:15.164069906,4.358,2
CASE_001006,2024-12-03 18:55:28.050916600,2024-12-04 05:25:13.890205224,10.496,3
CASE_001009,2025-08-03 17:35:08.758680006,2025-08-03 20:31:30.422297330,2.939,1
CASE_001013,2025-08-31 11:36:03.862570175,2025-08-31 11:47:33.122832839,0.191,0
CASE_001014,2025-07-07 02:36:33.135457212,2025-07-07 06:56:18.785772869,4.329,2
CASE_001015,2024-08-04 02:51:27.535352557,2024-08-04 04:05:25.450017609,1.233,1
CASE_001018,2025-06-07 03:32:03.037800266,2025-06-07 06:12:30.199323035,2.674,1
CASE_001019,2025-01-12 16:43:09.765593925,2025-01-12 23:48:42.636864871,7.092,3
CASE_001021,2024-10-10 00:06:10.932411058,2024-10-10 10:45:17.155844186,10.652,3
CASE_001023,2024-10-25 19:21:18.699776491,2024-10-25 21:12:32.849115201,1.854,1
CASE_001026,2024-05-05 12:12:25.950844582,2024-05-05 17:02:00.176919464,4.826,2
CASE_001028,2024-05-28 14:57:45.553612082,2024-05-29 02:39:15.313297003,11.692,3
CASE_001030,2025-08-20 06:38:49.039780178,2025-08-20 15:08:17.536622035,8.491,3
CASE_001032,2024-07-09 07:53:26.196131933,2024-07-09 09:11:20.382985357,1.298,1
CASE_001036,2024-04-10 12:18:04.099287140,2024-04-10 15:03:27.439488498,2.756,1
CASE_001038,2025-04-19 00:19:18.466361031,2025-04-19 10:54:04.713664783,10.58,3
CASE_001039,2025-09-01 01:48:09.418597475,2025-09-01 02:51:42.154373563,1.059,1
CASE_001040,2024-12-05 18:44:33.323881229,2024-12-05 20:40:57.206688235,1.94,1
CASE_001041,2024-02-23 22:32:00.143836202,2024-02-24 02:01:17.995138632,3.488,2
CASE_001044,2024-11-28 04:41:42.636118621,2024-11-28 07:44:25.622564714,3.045,2
CASE_001046,2024-06-01 19:56:14.326378501,2024-06-02 16:19:23.096262589,20.386,4
CASE_001047,2024-05-21 00:39:40.184860432,2024-05-21 08:41:18.959233583,8.027,3
CASE_001048,2024-03-07 16:57:13.397249931,2024-03-07 20:49:38.118597418,3.874,2
CASE_001049,2024-12-22 11:55:57.573559960,2024-12-22 13:09:17.374333252,1.222,1
CASE_001051,2024-12-25 17:37:32.945317936,2024-12-26 22:35:10.193997411,28.96,4
CASE_001052,2024-05-06 04:41:13.087525181,2024-05-06 06:36:42.693319956,1.925,1
CASE_001056,2024-07-01 17:10:09.961568852,2024-07-01 20:10:08.436652825,3.0,1
CASE_001058,2024-08-15 09:31:01.620185410,2024-08-15 17:54:38.836479256,8.394,3
CASE_001060,2025-05-31 23:13:03.760182047,2025-05-31 23:42:51.529110074,0.497,0
CASE_001061,2024-11-30 04:36:53.131650654,2024-11-30 06:29:54.479172884,1.884,1
CASE_001065,2025-08-29 16:52:57.393191248,2025-08-29 17:49:03.697786011,0.935,0
CASE_001068,2024-06-26 07:25:56.827938480,2024-06-26 14:47:54.483398275,7.366,3
CASE_001071,2025-03-20 04:30:00.543795219,2025-03-20 09:46:49.196451701,5.28,2
CASE_001072,2024-05-23 00:51:24.051446469,2024-05-23 16:48:48.845254299,15.957,4
CASE_001075,2024-08-31 07:42:46.659563924,2024-08-31 13:23:30.947266256,5.679,2
CASE_001076,2024-12-04 10:39:58.716863208,2024-12-04 16:16:53.518339721,5.615,2
CASE_001080,2024-10-19 20:36:00.858636160,2024-10-20 06:50:34.540252791,10.243,3
CASE_001082,2025-06-24 11:57:33.180720357,2025-06-24 13:53:18.002434612,1.929,1
CASE_001083,2024-12-24 08:38:51.843992041,2024-12-24 19:25:11.951056608,10.772,3
CASE_001084,2025-04-04 10:48:46.462177554,2025-04-04 17:13:44.199427540,6.416,3
CASE_001089,2024-11-14 09:31:37.396277770,2024-11-14 13:36:26.767489846,4.08,2
CASE_001090,2024-08-15 14:06:01.399580084,2024-08-16 02:27:26.978223373,12.357,4
CASE_001096,2025-01-13 07:55:25.245322936,2025-01-13 11:19:22.610755322,3.399,2
CASE_001097,2025-09-05 19:17:20.168655540,2025-09-05 20:42:48.616996713,1.425,1
CASE_001098,2024-09-10 00:30:39.012370194,2024-09-10 02:45:45.188421351,2.252,1
CASE_001099,2024-01-03 04:50:18.446343314,2024-01-03 10:28:00.866353343,5.628,2
CASE_001102,2024-12-24 04:06:49.509944757,2024-12-24 05:33:38.071456888,1.447,1
CASE_001104,2025-02-26 21:43:56.167480472,2025-02-27 03:11:14.326338309,5.455,2
CASE_001108,2025-08-31 00:17:56.849195804,2025-08-31 01:56:41.557055643,1.646,1
CASE_001109,2024-12-03 19:05:24.927327835,2024-12-03 21:08:02.562608274,2.044,1
CASE_001114,2024-10-07 23:43:58.480639704,2024-10-08 17:29:44.294287780,17.763,4
CASE_001115,2024-07-05 15:42:48.509596899,2024-07-05 19:09:43.358149935,3.449,2
CASE_001116,2025-05-13 15:35:23.690583921,2025-05-13 21:17:19.230885918,5.699,2
CASE_001120,2025-01-25 16:58:53.338704129,2025-01-25 17:29:03.235218811,0.503,0
CASE_001126,2024-07-14 05:02:45.763104753,2024-07-14 12:04:42.411902036,7.032,3
CASE_001128,2025-06-01 14:53:14.165108735,2025-06-01 22:53:58.286203788,8.012,3
CASE_001130,2025-03-09 08:55:22.470796938,2025-03-09 12:31:51.132969196,3.608,2
CASE_001131,2024-06-23 20:10:30.205047374,2024-06-24 06:15:37.746598610,10.085,3
CASE_001134,2025-06-16 14:27:58.242232812,2025-06-17 02:24:00.284677307,11.934,3
CASE_001136,2025-09-16 01:45:24.975456643,2025-09-16 13:04:59.911542685,11.326,3
CASE_001138,2024-04-09 22:58:18.844085907,2024-04-10 02:16:05.954909281,3.296,2
CASE_001141,2024-05-29 06:39:25.544112904,2024-05-29 16:04:13.457631490,9.413,3
CASE_001143,2025-09-04 02:59:19.840271361,2025-09-04 03:24:08.896466221,0.414,0
CASE_001144,2024-11-19 09:31:24.279699473,2024-11-19 09:46:52.827890229,0.258,0
CASE_001146,2025-04-10 08:11:44.998180547,2025-04-10 08:58:24.814432643,0.778,0
CASE_001147,2025-07-25 05:37:18.127792229,2025-07-25 06:19:15.970734552,0.699,0
CASE_001148,2024-05-08 11:24:38.284263051,2024-05-08 11:44:39.676048485,0.334,0
CASE_001149,2024-01-22 06:19:12.391406868,2024-01-22 18:26:43.927682491,12.125,4
CASE_001154,2024-07-01 05:22:32.893258588,2024-07-01 06:30:22.330081918,1.13,1
CASE_001155,2025-04-23 19:57:08.032650748,2025-04-23 21:19:48.073271937,1.378,1
CASE_001157,2025-09-06 16:20:14.071090545,2025-09-06 18:56:21.788315962,2.602,1
CASE_001158,2024-04-15 07:54:46.404260279,2024-04-15 11:26:46.268734475,3.533,2
CASE_001160,2024-05-26 11:54:33.427547319,2024-05-26 15:02:08.284372386,3.126,2
CASE_001161,2024-06-05 14:40:06.432484358,2024-06-05 21:33:57.585707617,6.898,3
CASE_001163,2025-03-17 12:50:14.681671466,2025-03-17 15:26:26.929341216,2.603,1
CASE_001164,2024-12-05 18:11:38.263418830,2024-12-05 18:33:14.513902001,0.36,0
CASE_001165,2025-05-19 10:00:14.854169893,2025-05-19 11:36:25.676197084,1.603,1
CASE_001167,2024-04-19 01:54:15.845639077,2024-04-19 05:55:36.254806974,4.022,2
CASE_001169,2024-10-31 17:09:19.317458147,2024-10-31 17:56:37.697557633,0.788,0
CASE_001170,2024-04-16 17:01:35.020586290,2024-04-16 18:28:30.602194011,1.449,1
CASE_001171,2025-01-19 10:46:30.945035057,2025-01-19 15:36:24.993188468,4.832,2
CASE_001173,2024-07-06 16:09:57.985542125,2024-07-06 17:26:17.435845530,1.272,1
CASE_001176,2025-06-09 04:09:56.923192046,2025-06-09 07:04:24.413681896,2.908,1
CASE_001180,2025-01-20 09:38:25.380306147,2025-01-20 09:53:20.414525291,0.249,0
CASE_001182,2025-05-31 00:11:12.552815111,2025-05-31 00:16:13.648617505,0.084,0
CASE_001183,2024-04-08 18:40:12.697868119,2024-04-09 03:55:00.433694417,9.247,3
CASE_001184,2024-10-11 19:56:26.502790709,2024-10-11 21:41:10.514772837,1.746,1
CASE_001186,2024-12-17 13:58:19.428596532,2024-12-18 02:48:22.944692046,12.834,4
CASE_001190,2025-05-30 17:11:21.494873262,2025-05-30 23:53:04.407637911,6.695,3
CASE_001191,2025-09-01 15:27:58.998598363,2025-09-02 16:57:44.400521479,25.496,4
CASE_001196,2025-05-07 04:39:26.599533088,2025-05-07 07:05:39.454567498,2.437,1
CASE_001197,2025-05-13 15:42:43.890375124,2025-05-13 23:59:40.697336517,8.282,3
